Judul yang Diuji,Run_01_ms,Run_02_ms,Run_03_ms,Run_04_ms,Run_05_ms,Run_06_ms,Run_07_ms,Run_08_ms,Run_09_ms,Run_10_ms,Run_11_ms,Run_12_ms,Run_13_ms,Run_14_ms,Run_15_ms,Run_16_ms,Run_17_ms,Run_18_ms,Run_19_ms,Run_20_ms,Run_21_ms,Run_22_ms,Run_23_ms,Run_24_ms,Run_25_ms,Run_26_ms,Run_27_ms,Run_28_ms,Run_29_ms,Run_30_ms,Rata_rata_ms
Don't Eat Your Heart Out Cookbook,7.0116,6.1553,5.4805,5.677,3.7516,3.585,4.1163,3.6855,3.702,4.0953,3.8094,3.7796,4.8902,4.801,56.0401,13.2488,4.7306,9.7915,6.4868,4.658,5.6485,4.0139,3.62,4.4978,6.5774,6.5597,6.5521,6.8396,6.5051,5.3014,7.187053
Journey Through Heartsongs,3.4644,3.4286,4.1504,3.4478,3.4575,3.4185,3.9536,3.4583,3.4303,3.3998,3.4077,4.1902,3.4826,3.6211,3.5174,3.5931,3.4576,3.4535,3.4085,3.4118,4.2975,3.5245,3.4748,3.4848,4.1376,3.4952,3.5211,3.4526,3.4566,3.4627,3.582003
In Search of Melancholy Baby,4.4093,3.7635,3.6486,3.7489,4.0926,3.7445,3.691,3.6168,3.7699,3.6734,3.849,5.0204,4.805,3.7531,3.7179,3.6131,3.7251,3.604,3.7079,3.5925,3.6488,3.6312,3.612,3.6041,3.61,3.6457,3.6145,3.6393,3.6317,3.6269,3.79369
The Genesis of Ethics,3.478,3.4057,3.3687,3.8352,3.6219,3.4089,3.4113,3.4015,3.6906,3.399,3.3889,3.373,3.3774,3.5973,3.4395,3.4311,3.4186,3.3978,3.5116,3.4253,3.6066,3.4264,3.4397,3.4252,3.9014,3.7246,3.5146,3.8247,3.5173,3.5417,3.510117
All over but the Shoutin',4.0061,3.5646,3.7738,3.5321,3.7441,3.6588,3.6734,3.5167,3.6327,4.7301,3.6837,3.6764,4.7138,4.5356,4.1062,3.9497,4.3298,4.7104,3.9105,3.5837,5.4372,4.3861,3.6283,4.3647,4.9952,4.7934,3.9311,3.6718,4.0984,5.1851,4.11745
Oilers and Sweepers and Other Stories,3.5847,3.39,4.0179,3.3477,4.2988,4.2587,3.7788,3.4326,3.9636,4.6456,4.1172,3.8355,3.3255,3.6597,3.5748,4.2675,3.3516,3.7387,3.3457,3.7601,3.3397,4.4385,3.7749,3.9955,4.3762,3.3831,3.7334,3.4318,4.6325,3.3592,3.805317
The Emperor's New Mind,3.8313,4.5923,3.8323,3.4964,4.234,3.8731,4.6508,3.5633,3.7782,4.0501,3.5813,3.4921,3.4736,3.5706,3.6256,3.6335,3.4727,3.4975,3.4823,3.7791,3.4775,3.4723,4.2942,3.6554,3.5733,3.4885,3.7417,3.534,3.6017,3.4997,3.72828
Touching Fire: Erotic Writings by Women,3.8654,3.7337,3.7161,4.3494,4.1924,3.7721,3.7516,3.8436,3.739,3.7149,3.7212,3.7249,4.3202,3.7803,3.7389,3.7308,6.2584,6.8415,6.4568,5.9058,6.2424,6.484,7.4898,6.1016,3.8128,3.9937,4.1534,3.8701,3.7734,3.7948,4.562433
Hill Rat: Blowing the Lid Off Congress,3.6737,4.8797,5.1636,4.3447,3.8476,3.6704,4.3014,3.7646,3.85,3.8173,3.9929,3.9844,3.9505,3.6974,3.644,4.5124,3.6913,3.6448,3.6378,4.4809,3.9055,4.3007,3.6598,4.4128,4.6118,4.0529,3.6845,4.7954,4.221,3.6542,4.0616
Personality of the Cat,4.1836,4.1503,3.4119,3.3902,4.3371,4.4972,3.4448,3.4214,4.4238,4.6,3.4706,3.4137,4.3029,5.2998,3.4598,3.3571,3.5638,3.8662,3.611,4.1503,3.467,3.5814,4.1535,3.4491,3.3874,3.7393,3.585,4.3641,3.4679,3.4509,3.83337
Best New American Voices 2003,3.3436,4.559,3.373,3.6054,5.6722,6.0235,7.0143,3.7453,5.163,6.7406,4.2967,3.7934,6.0717,4.5728,3.3709,3.4318,3.3646,3.5845,3.3846,3.3208,3.3408,3.3343,3.9277,3.369,3.3807,3.3345,3.3295,3.6024,4.0019,3.3639,4.11388
Jackie by Josie: A Novel,5.7365,3.4178,3.4724,3.3918,4.2937,4.2748,3.9008,3.4611,3.417,3.7075,4.0997,3.4008,3.3926,3.6576,5.1016,3.4772,3.4119,3.5609,5.1394,3.4649,3.3955,4.3554,4.2562,3.9742,3.3619,3.4711,3.8721,4.1509,4.1665,4.0393,3.894103
Majorca: Culture and Life,3.9943,3.3659,3.7905,4,5.3844,3.3804,3.3755,3.3732,5.3608,3.6681,3.3436,3.3145,4.3705,3.8485,3.3522,3.3561,5.5739,4.5343,3.3764,3.3603,4.7658,3.3766,3.3762,3.3433,4.6446,4.3555,3.7035,3.3288,3.7705,3.4348,3.8741
The Universe of Galaxies,3.4452,3.4759,4.0761,3.5216,3.846,3.3983,3.478,3.3898,3.3775,3.4953,3.3868,3.904,3.6084,3.4692,3.4551,3.4063,3.6403,3.4286,3.4944,3.4218,3.4244,3.6742,3.4328,3.4281,3.4221,3.5994,3.6205,3.4502,3.4087,3.4443,3.520777
Healing Benefits of Garlic,3.4159,3.4111,3.3751,4.0863,3.463,3.458,3.4793,3.4064,3.9156,3.4353,3.4139,3.4113,3.4164,3.643,3.4251,3.4498,3.4154,3.5083,3.4724,3.4121,3.4664,3.4055,4.3992,3.9237,3.4401,3.3428,4.1042,6.1266,3.885,3.4137,3.650697
George Meany And His Times: A Biography,4.2895,3.503,3.4754,3.6479,4.4323,3.5365,3.5006,3.7075,3.6637,3.524,3.5908,3.5886,3.5871,3.7599,3.5277,3.4591,3.6236,3.7545,3.5371,3.4859,3.619,3.5417,3.527,3.5019,3.4795,3.6469,3.5118,3.4699,3.4761,3.6032,3.619057
American Dreams: Lost & Found,3.3322,3.2878,3.2792,3.4729,3.3018,3.2846,3.2731,3.5217,3.9045,3.3249,3.5622,3.3527,3.3651,3.3662,3.5552,3.5134,3.3446,3.3191,3.3341,3.5289,3.3643,3.3226,3.3288,3.3069,5.0512,4.5105,3.3515,3.3247,4.1257,3.5576,3.5156
"Love, Love, and Love",3.0942,3.4866,3.3636,3.4653,3.1104,3.0806,3.2026,3.1636,3.2442,3.1212,3.1065,3.0786,3.0916,3.097,3.3782,3.1563,3.1062,3.0941,3.0939,4.3825,3.1044,3.0896,3.0719,3.2117,3.1202,3.0905,3.094,3.0706,3.3434,3.705,3.227283
Henry VIII (English Monarchs Series),3.5447,4.7933,4.4644,3.53,3.6507,3.7462,3.5607,3.5523,3.5298,3.8113,4.3063,5.1148,3.5813,3.5993,3.5298,3.7787,5.0379,5.7242,5.7999,5.836,5.7777,5.8284,5.8444,5.8108,6.0708,5.7249,5.8103,5.7619,5.7903,5.953,4.762137
The Moral Intelligence of Children,6.132,5.964,6.0993,5.6385,5.7296,4.4854,3.6232,3.6455,3.4863,3.524,3.5534,4.5515,3.9563,3.5724,3.5385,3.767,3.6135,3.7056,3.5901,3.5395,3.5509,3.5571,3.6064,3.5433,3.5342,3.5243,3.6512,3.5664,3.4701,3.5144,4.04113
Cook Healthy: Cook Quick,3.6286,3.5198,3.4795,4.4325,4.0136,3.4386,3.402,3.5196,3.4024,3.4115,3.3663,3.3731,3.4383,3.4006,3.3855,3.3942,3.3959,3.3985,3.3844,3.4726,3.4307,3.4088,3.4025,3.8222,3.7676,3.4139,3.4205,3.4603,3.5437,3.4581,3.51286
Sunset at Rosalie: A Novel,3.4038,4.0371,3.4398,3.4329,3.4333,3.4038,4.0811,3.419,3.3693,3.5702,3.3983,3.3905,3.4058,3.3975,3.6716,3.4063,3.4062,3.4009,3.396,3.8052,3.4193,3.4716,3.4068,3.3894,3.3887,3.3807,4.4257,4.1935,3.6044,3.4154,3.54547
Proverbs For The People,3.6414,3.5698,3.3776,3.4467,3.3798,3.3486,3.4598,3.363,3.5856,3.4182,3.3673,3.4735,3.3912,3.4657,3.3744,3.3693,3.4016,3.3924,3.4852,3.3819,3.3949,3.3855,3.4423,3.3898,3.365,3.3707,3.3685,3.5823,3.3982,3.4073,3.426583
Great American Countryside,3.8723,3.9313,3.2782,3.2644,3.268,3.4852,3.2695,3.265,3.2646,3.4231,3.366,3.3304,3.3471,3.3811,3.3783,3.2698,3.239,3.2338,3.2621,3.3841,3.2766,3.2623,3.2379,3.2301,4.2388,5.0664,3.3089,3.267,3.7825,3.3333,3.45057
Rob Whitlock: A Pioneer Boy in Old Ohio,3.9525,4.3206,4.2152,3.7686,3.7088,4.0458,3.7194,3.7569,3.7232,3.8013,3.7072,3.7744,3.7265,3.7058,3.7078,3.6853,3.855,3.6838,3.6473,3.6755,3.7771,3.6816,3.6335,3.6354,5.1858,3.8966,3.706,4.0378,3.7456,3.7131,3.83978
British Hospitals (Britain in Pictures),3.677,3.4997,3.4673,3.6492,3.5185,3.475,3.4761,3.4552,3.6871,3.4915,3.4826,3.4627,4.1293,5.1208,3.9244,4.0057,3.9747,3.5142,3.9955,3.865,3.6426,3.5594,3.4967,3.5705,3.5066,3.4673,3.4663,4.1566,3.5558,3.4908,3.692803
The Practical Stylist,4.4448,4.2517,3.8468,3.4145,3.6558,5.019,3.6281,3.355,3.3331,3.9481,3.3956,3.401,3.36,3.3447,3.6393,3.3901,3.3922,3.3764,3.4565,3.4029,3.371,3.4439,3.382,3.369,3.3748,3.4836,3.4075,3.3579,3.3725,3.3791,3.566563
Civilization III: Instruction Manual,3.7788,4.2798,3.5762,3.5593,3.6929,3.5757,3.8941,3.5829,3.6026,3.5571,3.6354,3.5485,3.5441,3.6074,3.5621,3.5472,3.5506,4.4918,4.3655,3.5988,3.5617,3.6206,3.5798,3.5739,3.5991,3.6411,3.5717,3.5677,3.5571,3.5481,3.679053
Elvis in the Morning,3.7815,3.4824,3.6953,3.4879,3.492,3.4582,3.7668,3.5907,3.4563,3.4963,3.4943,3.5393,3.5029,3.4632,3.4917,3.5603,3.4907,3.464,3.5044,3.4779,3.7802,3.5078,3.3997,3.3835,3.4249,3.4292,3.4353,3.418,3.3948,3.7101,3.51932
Future Space: Beyond Earth,3.5919,3.6158,3.9377,3.6793,3.596,3.5673,3.7271,3.626,3.5942,3.6161,3.9385,3.7179,3.645,3.6616,3.6205,3.9342,3.6297,3.6218,3.576,3.7931,3.5876,3.6063,3.5745,5.1569,5.4379,4.0903,4.1168,3.7212,3.6263,4.2095,3.827233
"The young Jefferson, 1743-1789,",3.5471,3.5165,3.6536,3.57,3.5299,3.6563,3.5149,3.5173,3.5112,3.7228,3.5632,3.5259,3.5523,3.9105,5.3114,3.5393,4.8799,3.7539,3.5327,3.5852,3.8928,3.5717,3.6856,3.5982,3.5782,4.9712,3.5784,3.5398,3.5327,3.6496,3.749737
The Quotable Ronald Reagan,3.5153,3.4221,3.391,3.3912,4.1273,3.6475,3.4208,3.4,3.4175,3.5717,3.4066,3.4191,3.4243,4.3966,6.699,4.4134,5.6663,4.2967,3.4969,4.9145,3.4603,3.4813,3.451,3.4358,3.6014,3.4741,3.4619,3.4715,3.4752,3.5477,3.809933
"Rooster crows for day,",3.5389,3.3908,3.2674,3.2505,3.3774,4.1921,3.4833,3.3104,3.2527,4.3337,3.3638,3.3862,3.3841,3.2901,3.3628,3.2819,3.3509,3.2909,3.282,3.2685,3.2741,3.2894,3.2865,3.2762,3.3329,3.2963,3.2963,3.3023,3.2873,4.221,3.417357
Leadership Is an Art,3.3791,3.3621,3.5444,3.4,3.3748,3.3796,3.8721,3.5172,3.3493,3.3556,3.3482,3.819,3.3974,3.3859,3.3804,3.4248,4.3013,3.3416,3.373,3.7542,3.4077,3.3699,3.3696,3.3522,3.9648,3.4024,3.3176,4.2258,3.5337,3.8417,3.52818
What's Going On?: Personal Essays,3.397,3.3867,4.6924,3.4932,3.4559,3.4498,4.2218,3.4101,3.4073,3.3729,3.3989,3.9215,4.1598,3.4423,3.3753,4.3479,3.4802,3.4359,3.4181,3.4087,3.6234,3.4016,3.421,3.4243,3.5574,3.4066,3.3914,3.3989,3.4027,3.4202,3.570773
Creating an Inclusive School,3.7751,3.453,3.4478,4.0515,3.4636,3.4368,3.412,3.6897,3.4707,3.4468,3.4924,3.428,3.5184,3.4556,3.6097,3.4984,3.4318,3.462,3.465,3.5231,3.4608,3.4607,3.4876,3.4322,3.5409,3.4485,3.4536,3.4217,3.6095,3.4829,3.510993
North Carolina Ghosts and Legends,3.2982,3.81,3.9188,4.0409,3.292,3.4632,3.2709,3.3444,3.2971,3.2896,3.5366,3.3343,3.3131,3.2947,3.2998,3.3705,3.3339,3.3592,3.307,3.3167,3.3053,3.2964,5.34,4.4072,5.6749,4.3101,3.3183,3.4777,3.4949,3.3188,3.614483
Understanding Thomas Jefferson,3.4431,3.8633,3.4985,3.4509,3.4547,3.5695,3.4852,3.458,3.4635,3.4409,3.4395,3.477,3.9207,3.461,3.4429,3.3974,3.3801,3.5514,3.4039,3.4443,3.4365,3.6548,3.5108,3.4587,3.4525,3.4485,4.1905,4.113,3.491,4.1837,3.566193
Molecular Cell Biology,3.3931,3.377,3.3903,3.6508,3.4146,3.3868,3.3932,3.352,3.5702,3.4088,3.4245,3.4403,3.4302,3.4039,3.412,3.8632,3.5123,3.4797,3.4728,3.6192,3.4598,3.4372,3.4433,3.4241,4.1955,4.0417,3.8992,3.4198,3.3876,3.4799,3.519433
Joshua: A Parable for Today,3.8055,3.3564,3.3522,3.3533,4.004,3.4733,3.456,3.395,3.4058,3.7075,3.6293,3.4542,3.4272,3.4162,3.8367,3.462,3.4815,3.4251,3.4489,3.4066,3.4523,3.449,3.4242,3.4462,3.4016,3.6377,3.4987,3.4465,3.4697,3.4173,3.497997
Things Not Seen and Other Stories,3.3327,3.4797,3.5496,3.3392,3.3137,3.2836,3.5529,3.3611,3.344,3.3808,3.3025,3.3824,3.3303,3.3342,3.3178,3.3318,3.3197,3.2938,3.3211,3.4409,3.338,3.3032,3.3154,4.0083,5.3683,3.8246,3.4002,3.3618,3.5024,3.3575,3.469717
The Spiritual Life of Children,3.5668,3.4936,3.4899,4.1185,4.8314,3.5917,3.4778,3.5226,3.653,3.5004,3.4756,3.4434,3.716,3.4976,3.5108,3.4791,3.4798,3.5463,3.4843,3.5252,3.4862,3.4638,3.4839,3.4624,3.5493,3.4902,3.4618,3.508,3.7325,3.5037,3.584853
Constancia and Other Stories for Virgins,3.3496,3.5076,3.3434,3.3328,3.3015,3.3344,3.461,3.3453,3.333,3.3262,3.3169,3.4821,3.3267,3.3106,3.3162,4.7763,4.4283,5.283,5.657,5.6919,5.3031,5.1299,5.1824,5.3833,5.5513,4.7481,5.4296,5.3919,5.4525,5.4083,4.306807
May I Have This Dance?,3.8909,3.843,5.2322,6.1595,6.3611,4.0928,3.8513,3.8396,3.9556,3.8678,3.8251,3.8362,3.8066,5.8828,6.868,3.8781,3.8048,3.8251,4.0486,6.1902,6.194,6.2264,6.2239,6.2197,6.2057,5.7536,3.9687,3.9114,3.8978,4.0192,4.789323
Grow Greener: Ten Steps to a Richer Life,3.6106,3.5888,4.0564,3.6506,3.6224,3.6204,3.9506,3.9156,3.628,3.9904,3.6675,3.6447,3.6363,4.1859,3.7954,3.6285,3.6163,3.6183,4.0844,3.6858,3.74,3.6741,3.6636,3.6334,4.3447,5.5733,4.4521,3.6601,3.6206,3.6269,3.839523
The Golden Christmas Tree,4.0268,3.3949,3.361,3.3808,3.7066,3.3701,3.3344,3.3324,3.4013,3.5385,3.3927,3.4277,3.3617,3.4348,3.3733,3.3437,3.4259,3.3494,3.3597,3.3483,3.4408,3.3836,3.3459,3.3551,3.3479,3.5491,3.389,3.3362,3.3312,3.3531,3.41653
The Age of Uncertainty,3.3784,3.3983,3.3488,3.5018,3.3574,3.3732,3.3806,3.3471,3.497,3.3908,3.3522,3.3481,3.5392,3.4549,3.376,3.4006,3.3957,3.5453,3.4041,3.3863,3.3904,4.2612,5.1703,3.4765,3.394,3.8776,3.4596,3.394,3.3992,3.4502,3.51496
Trailside Guide: Fly Fishing,3.4583,3.46,3.4253,3.6151,4.0639,3.4703,3.4385,3.957,3.6888,3.4801,3.4386,3.4428,3.4809,3.6251,3.4004,3.4088,3.394,3.5146,3.4147,3.3943,3.4023,3.389,3.4077,3.3724,3.8182,3.4499,3.4305,3.3919,3.6515,3.521,3.51353
I Wish I Had a Red Dress,3.7025,5.7068,5.3804,3.7379,4.2816,3.7392,3.741,3.7456,4.2737,3.777,3.7337,3.7096,3.7267,3.8207,3.7401,3.7315,3.7272,3.7224,3.7266,3.8278,3.7454,3.7389,3.7101,4.7356,3.7304,3.6756,3.9986,3.7534,3.7157,3.7089,3.935487
The economics of macro issues,3.5075,3.5543,3.4761,3.7086,5.1355,3.9451,3.4888,4.6909,3.9731,3.5672,3.5073,3.4878,3.8025,3.53,3.53,3.5796,3.5579,3.508,3.5278,3.5145,3.5109,3.5225,3.5189,3.7735,3.5131,3.4963,3.5105,3.786,3.5319,3.5433,3.676647
Family Guide to Natural Medicine,3.4897,3.7163,3.5204,3.507,3.5107,3.8555,4.5033,3.7269,4.1745,3.4904,3.5576,3.4717,3.4756,4.8659,4.9338,6.2154,4.8856,5.5277,4.258,3.9968,3.8569,3.7732,3.6688,4.1593,6.6527,5.8068,3.5774,3.8886,3.5456,3.5015,4.170453
Big Kitchen Instruction Book,3.92,3.9725,3.5031,3.5119,3.5492,3.4541,3.4842,3.521,3.4478,3.543,3.5645,3.5342,3.5419,3.5001,3.4901,3.4777,3.5047,3.4581,3.4656,3.9196,4.4467,4.4204,5.8525,5.5311,3.5682,3.464,3.5729,3.7465,3.5062,3.4983,3.76567
"One World, One Heart",3.3394,3.3938,3.3552,3.3116,4.1973,3.3904,3.3345,3.3334,3.3588,3.3521,3.3565,3.3401,3.3838,3.5715,3.3638,3.2824,3.349,4.613,4.1974,3.266,3.3623,3.3103,4.8973,4.9527,3.3126,3.2443,3.8822,3.5084,3.4125,3.3659,3.57795
Reengineering the Corporation,3.4834,4.7735,3.9026,4.7767,4.5084,3.9105,3.8129,6.7091,5.0397,4.7624,4.228,4.3621,4.3913,4.116,5.7002,4.2954,4.0383,3.4311,3.3768,3.4786,5.7219,6.6736,4.0153,5.2802,5.7797,4.0811,4.5735,4.4155,4.0564,4.1801,4.529143
What My Parents Did Right,4.2694,4.2611,5.3135,6.033,4.6366,4.1798,5.0417,4.6453,4.4136,4.4902,4.2558,4.3658,4.0489,3.7918,4.1033,4.4661,5.3762,4.7059,4.8135,4.5784,4.5351,4.6204,4.4388,4.0648,3.717,3.7095,3.8416,3.7511,3.7222,3.7002,4.396353
The Man's Health Sourcebook,6.7653,3.9728,4.1586,7.514,6.3944,3.8804,3.4419,3.4479,3.6542,3.4392,3.4347,3.4402,3.6926,3.5221,3.4904,3.4698,3.4795,3.5239,3.4851,3.4704,3.4716,3.7846,4.8305,3.4492,3.4391,3.4243,3.4683,3.4352,3.4506,3.43,3.928693
High Tech Illustration,3.5124,3.4759,3.4714,3.9087,4.3776,4.5036,3.4626,3.5217,3.4429,4.4379,3.5808,3.524,3.506,3.6902,5.043,3.5175,3.6413,3.5005,3.5284,3.5207,3.4819,3.4906,3.7513,4.2437,3.5749,3.5522,3.7006,3.5567,3.5362,3.5365,3.719723
Shackleton's Boat Journey,5.0996,3.4034,3.3243,3.3043,3.7503,3.351,3.3717,3.3558,3.3318,3.9763,3.3953,3.3677,3.3623,3.4283,3.5383,3.4099,3.4197,3.3562,3.5127,3.4926,3.3507,3.3262,3.3105,3.3261,3.6105,4.3762,3.8969,4.9583,6.9595,6.5899,3.808543
Are You Considering Psychoanalysis?,7.4109,6.4602,6.9998,7.0889,6.6731,4.4881,3.6616,3.8397,3.679,4.0046,4.2165,3.9587,4.4098,5.1237,5.0329,4.6885,4.6179,4.0517,4.1569,4.0325,3.768,3.7797,4.1833,4.3737,4.3894,4.1975,4.0941,6.7936,6.5332,4.5197,4.840907
Daughter of Regals & Other Tales,3.8241,3.5128,5.9183,5.3171,4.1039,4.9814,4.597,4.7556,5.6436,4.4746,4.1518,5.1277,4.5696,4.9321,4.3171,4.3332,4.8917,4.3261,3.8296,8.2715,4.821,3.5244,4.6011,3.7621,3.6726,3.6205,3.7833,3.6486,3.8674,5.1135,4.54311
Get Thee To a Punnery,3.6104,4.0154,3.6091,3.597,3.5935,4.1125,3.7171,3.6868,3.7479,3.8408,4.7607,3.6699,3.6489,3.9794,4.7614,4.0573,3.6557,4.1635,3.6324,3.6809,3.6866,3.8123,4.4767,3.7189,3.6358,3.7199,3.6774,3.6908,3.7117,3.648,3.843957
Zillionaire's Daughter,3.4367,3.4882,3.4214,3.2957,3.3119,3.2814,3.4619,3.3649,3.3663,3.3552,4.9883,4.6658,3.4092,3.3444,4.5855,3.5627,3.5007,3.5245,3.798,3.5352,3.5332,3.51,3.639,3.4972,3.5898,3.4448,3.5112,3.7658,3.5172,3.5505,3.608553
Macintosh programming primer,3.605,3.4576,3.9714,4.4776,4.1214,5.2214,3.5867,3.5089,3.5204,3.6823,3.5913,3.543,3.52,3.5873,4.3018,4.2707,3.6798,3.8874,4.0882,4.719,4.1447,3.9768,3.8256,8.481,4.2225,4.0788,3.5995,3.8342,3.4433,3.4542,4.046727
Currier and Ives Four Seasons Cookbook,4.0645,3.6147,4.1355,3.9694,3.9594,3.8704,3.9014,4.3713,5.2899,4.0893,4.0803,5.9083,6.174,3.801,3.7089,3.743,3.7807,4.0469,4.237,4.0984,4.3366,5.3001,4.539,4.0012,4.3546,4.3684,4.1972,3.7762,4.8278,4.3332,4.295953
Testimonies: A Novel,3.5463,4.2185,5.897,5.822,4.0847,4.2776,4.0763,5.6187,5.3107,5.3356,5.2618,4.9269,5.3217,4.4736,3.6089,3.6509,5.4493,5.3692,5.5412,5.4344,5.4436,5.4398,6.4076,6.1507,3.4787,5.9087,6.1503,4.7183,3.4593,3.36,4.924743
The downy waterfowl of North America,4.7619,4.4055,3.697,5.0323,5.7625,3.9356,3.7625,3.6916,3.7156,3.7765,3.6091,3.6181,3.7308,4.1439,3.7359,3.7638,3.7489,3.7988,5.4383,5.818,5.2367,3.7845,3.8995,3.8817,3.5871,3.5922,3.6354,3.4845,3.4763,3.4718,4.066543
MBO for nonprofit organizations,3.3882,3.2894,3.2729,3.4901,4.1321,3.4058,3.4216,3.3752,3.437,4.2087,5.8194,5.6486,3.3247,3.3859,3.3926,3.2848,3.4885,3.372,3.408,3.3111,3.5735,3.4244,3.3741,3.3973,3.3525,3.7346,5.8218,3.3586,3.6174,5.2037,3.75715
The View from a Monastery,3.5705,3.7056,3.5431,3.4848,3.5566,3.5455,3.82,3.6121,3.5963,4.4926,4.2387,3.7207,4.0911,4.0456,5.8992,7.0683,5.769,4.0931,4.5161,4.3692,3.7811,3.9732,4.1262,3.9153,4.6994,6.3772,4.2613,4.3744,5.8241,4.4779,4.351607
Bringing up Kids American Style,4.585,3.8408,3.4372,3.4052,3.4867,3.4954,4.4899,3.5327,3.4928,3.5023,3.5215,3.4861,3.5785,3.7176,3.5485,3.5558,3.5007,3.5589,3.5449,3.501,3.533,3.7138,3.5859,3.5037,3.5564,3.4936,3.6148,3.4974,3.5,3.6013,3.612713
James Herriot: The Life of a Country Vet,4.4991,3.8305,3.8614,3.7442,3.766,3.7956,4.68,5.3239,4.4466,4.5122,3.7087,3.7001,3.685,3.6838,4.3251,4.0054,3.7157,5.8015,4.4557,3.6375,3.6374,3.6194,5.3955,3.7639,3.8196,3.748,5.3501,3.7236,3.7005,3.7806,4.123887
The Lisle Letters: An Abridgement,3.5807,3.5747,3.5566,3.756,3.5382,3.5417,3.5246,3.6806,3.6245,3.6043,3.613,3.8265,5.3085,4.0257,3.5709,3.8232,3.6158,4.5504,3.6146,3.9941,3.6263,3.9689,3.568,3.5334,3.6138,3.5409,3.6411,3.6208,3.6053,3.5974,3.74135
A birthday gift for Mommi,5.2736,3.5909,3.5586,5.5088,3.6428,4.2092,3.6587,4.0825,3.6317,3.6014,3.7516,3.6594,3.6527,3.631,3.6241,3.6618,3.624,3.6163,3.6182,3.6913,3.5858,3.6012,3.5985,3.6023,3.6394,3.5796,3.5904,3.586,3.8131,3.6608,3.784857
Joshua and the Children: A Parable,3.4651,3.4128,3.7686,4.0515,3.4322,3.4253,3.4125,3.5948,3.4477,3.5562,3.4349,3.4301,3.3941,3.3928,3.4614,3.4021,3.3833,3.3737,3.3763,3.5166,3.4156,3.4561,3.4751,3.61,3.5736,3.5338,3.456,3.5445,3.6743,3.5565,3.500917
Certain Poor Shepherds: A Christmas Tale,3.5171,5.6062,4.0897,3.598,4.3875,3.6123,3.5812,3.553,3.5794,3.6689,3.5497,3.5906,3.7549,4.1665,3.5942,3.6068,3.5738,4.0702,5.1651,3.5542,3.5356,3.9669,4.9267,4.1117,3.6493,4.5125,4.5679,4.4671,3.9009,5.0357,4.016453
The New Building Your Mate's Self-Esteem,4.0363,4.0408,4.0155,4.0757,4.0519,3.8242,3.5483,3.4974,3.4609,3.4702,3.459,3.454,4.0973,3.5156,3.5243,4.3383,4.6137,3.5475,4.1489,3.7087,3.6232,3.4973,3.5677,3.944,3.6018,3.5194,3.5026,3.5382,3.4892,3.4925,3.740147
Life and Death in Shanghai,3.2735,3.2804,3.2624,3.3595,3.2636,3.2119,3.2293,3.2116,5.0484,3.5203,3.3295,3.2967,3.4931,3.3319,3.3088,3.3089,3.3522,3.4805,3.356,3.3251,3.8636,4.9858,3.3665,3.319,4.7499,6.394,4.5845,3.3135,3.2804,3.9149,3.66719
100 Favorite Roses (100 Favorite Series),3.433,3.4261,5.2078,3.4944,3.4847,3.4791,3.5221,4.2402,3.5968,3.4748,3.4255,3.9011,4.1188,3.4996,3.4832,3.6098,3.6907,3.5398,3.5142,3.5245,4.7485,5.5441,3.5188,3.504,3.46,3.4501,3.5976,3.5441,3.5087,3.5179,3.735333
Orchids as House Plants,3.9458,3.5128,3.6755,3.5163,3.5208,3.511,3.7518,3.5568,3.5429,3.5922,3.5296,3.5732,3.5468,3.5398,3.538,3.5269,3.5338,3.532,3.7584,3.5963,3.5787,3.5694,3.8121,3.552,3.5575,3.5609,3.6435,3.5218,3.546,3.5587,3.590043
The pattern of Soviet power,3.6457,3.5455,3.5311,3.4687,3.684,3.5314,3.4963,3.5333,3.7544,3.5053,3.5359,3.5137,3.4975,3.8525,3.5259,3.5344,3.532,3.942,3.8527,3.4819,3.4636,3.4639,4.294,4.2379,3.49,3.4307,3.991,3.5322,3.5477,3.5173,3.631083
Linda Mccartney's Home Cooking,4.1904,3.5762,3.4978,4.3084,3.5663,3.6312,3.5203,3.5231,3.7532,3.5146,3.5282,3.5443,3.5948,3.5291,3.499,3.496,3.5005,3.4948,3.4812,3.7345,3.5608,3.5351,3.5382,3.7814,3.5764,3.5567,3.5547,3.5494,4.7091,3.5465,3.646407
Herblock's special for today,3.4159,3.5777,3.3876,3.3691,3.3598,3.5203,3.4036,3.3499,3.3797,3.3874,3.5116,3.3618,3.3435,3.3774,3.3257,3.517,3.3755,3.37,3.3304,3.8972,4.2479,3.9579,3.3631,3.5149,3.5063,3.4005,3.3733,3.3654,3.8781,3.4027,3.485707
Beginners Cookbook (Home Library),3.4209,3.419,3.3772,3.3762,3.5185,3.4242,3.3918,3.3984,3.3809,3.5393,3.4227,3.3746,3.3878,3.5622,3.3845,3.407,3.3698,3.4111,3.6085,3.418,3.4073,3.4094,3.672,4.6161,3.9536,3.3813,3.872,3.3634,3.3767,3.3477,3.499737
Ghost Light: A Memoir,3.7977,3.405,3.3925,4.518,5.3917,3.438,3.4372,3.715,3.4319,3.412,3.3743,3.4171,3.4511,3.3912,3.4019,3.3695,3.3949,3.4208,3.4096,3.645,3.4348,3.432,3.4454,4.0335,4.03,3.4149,3.3902,3.3907,4.5388,3.3796,3.623477
Murder at the Pentagon,4.1807,3.9385,3.4605,3.488,3.4651,3.4589,6.2294,3.6557,4.1156,5.1974,3.5127,3.509,3.8134,3.463,3.422,3.4061,3.6816,3.5196,3.4788,3.4249,3.409,3.5131,3.4505,3.4581,3.4066,3.4241,3.4214,3.4501,3.7146,3.5274,3.706527
The Goomba's Book of Love,3.5431,3.6526,3.5669,3.5086,3.5167,3.5046,3.7649,3.5502,3.5223,3.503,4.0873,4.2116,4.2506,4.9924,5.9012,4.7493,3.8154,3.5208,3.4934,3.4948,3.496,3.5615,3.5051,3.523,3.4987,3.4984,3.5095,3.5057,3.7071,3.5556,3.783677
Stanley Elkin's Greatest Hits,3.4747,3.6006,3.4697,3.4777,3.4538,3.429,3.5938,3.4817,3.4352,3.4404,4.1268,5.5122,4.2442,4.6956,3.4031,3.4635,3.4276,3.954,3.4674,3.4627,3.4363,3.4536,3.895,3.5022,3.4855,3.4391,3.4559,3.4814,3.4862,3.5391,3.6596
The march of democracy,3.9566,3.428,3.3772,3.4365,3.58,3.4589,3.468,3.4593,3.5474,3.6222,3.4978,3.4176,3.4143,3.5644,3.426,3.4346,3.4159,3.433,3.4826,3.4219,4.8965,6.441,4.1824,4.5989,3.5485,3.9828,3.5153,3.4614,3.4456,3.5058,3.714013
The Ideals Country Kitchen Cookbook,3.5511,3.5624,3.5433,5.3363,6.0893,5.8835,5.7685,5.7446,6.1603,5.7949,5.7386,5.252,5.7919,5.7674,5.7665,6.0145,5.5437,5.615,4.9272,4.9205,5.7164,6.1852,5.8163,5.8207,5.817,5.8059,5.7994,5.8223,5.0078,3.6998,5.408743
Crossing Over Jordan,5.1263,5.5781,5.8266,5.6363,5.7025,5.1853,5.4093,5.6987,5.545,3.6269,4.5111,5.6312,5.7191,4.3703,3.5271,3.5474,3.5181,3.5263,3.4239,3.4182,3.4258,3.4293,3.5613,3.4608,3.46,3.4638,3.4567,3.5569,3.4708,3.4942,4.310243
The Lower Depths and Other Plays,3.613,3.4548,3.4216,3.4682,3.6269,3.5203,3.5282,3.4847,3.5176,4.1607,3.5487,3.5283,3.5147,3.8598,4.1695,3.6334,3.4945,4.0908,3.5132,3.4986,3.4726,3.4962,3.623,3.4978,3.5348,3.5069,3.6033,3.4927,3.515,3.4921,3.596063
Chanticleer;: The poems of Terry Wise,3.594,3.5629,3.7401,3.5674,3.5373,3.5301,3.7583,3.5608,3.5432,3.5481,3.5524,6.4256,4.4795,4.1327,3.5896,3.5618,3.5695,3.6694,3.7695,3.6157,3.6072,3.598,3.6498,3.6113,3.6189,3.5632,3.5968,3.5866,3.59,5.7608,3.81635
Especially for Mothers,3.2175,3.8628,3.4376,3.2317,3.491,3.2636,3.2447,3.2458,3.2307,3.4702,3.2052,3.2138,3.2207,3.2366,3.3996,3.2095,3.2169,3.2187,3.341,3.189,3.2229,3.2268,3.2202,4.4086,4.5014,3.7277,3.2189,3.5704,3.2428,3.6679,3.40514
The Big Bite Book of Pizzas,4.666,3.5253,3.9001,3.4965,3.6119,3.5389,3.7066,3.5206,3.5201,3.5211,3.5045,3.577,3.5008,3.5146,3.5164,3.5185,3.5211,3.539,3.6723,3.5682,3.5312,3.5418,4.4397,3.5915,3.5343,3.5672,3.6074,3.5603,3.5396,3.5248,3.629243
Stories In An Almost Classical Mode,4.1913,3.545,3.7142,3.5155,3.6059,3.551,3.56,4.0313,3.565,3.5862,3.5628,3.8281,3.8155,3.5504,3.5334,3.558,3.5674,3.5629,3.7519,3.5996,3.5999,3.547,3.8007,3.5624,3.5667,3.5678,3.5368,3.7201,3.5569,3.5641,3.640593
With or Without and Other Stories,5.7411,5.8,4.3514,6.1929,4.2071,4.9746,4.4314,5.0059,3.9763,6.8398,3.484,3.352,3.3412,3.3336,3.3418,3.4861,3.3949,3.3652,3.3999,3.3739,3.5298,3.4177,3.4122,3.4092,3.6842,3.4148,3.4245,3.4232,3.3563,3.6485,4.003783
The Seacoast of Bohemia,3.4524,3.4602,3.6602,3.4561,3.4617,3.4346,3.6849,3.4815,3.432,3.4255,3.3867,4.2287,4.5249,3.6109,3.4168,4.0822,3.4335,3.4089,3.4216,4.0389,4.103,3.5746,3.4607,3.4659,3.4378,3.4509,3.5885,3.4388,3.4309,3.4302,3.596117
The Catholic Girl's Guide to Sex,3.5804,3.5585,3.5957,3.573,3.6949,3.5894,3.5808,3.5986,3.811,3.6998,3.6606,3.6273,3.9502,4.0156,3.6065,3.5667,4.7638,4.2334,3.5911,3.5676,4.4554,3.5685,3.5642,3.5775,3.7464,3.6574,3.6858,3.6402,4.0209,3.6491,3.747677
In the Shadow of the Ark,3.4451,3.4681,3.4832,3.4367,3.6473,3.4703,3.4883,3.4906,3.7954,5.101,4.0724,3.9995,3.4964,3.5231,3.5015,3.697,3.53,3.4936,3.4726,3.4768,3.5278,3.4891,3.5273,3.4615,3.4726,3.5003,3.5034,3.9431,3.5295,3.5305,3.619133
U and I: A True Story,4.003,3.531,3.7114,3.5667,3.5475,3.5559,3.5307,3.7058,3.5561,3.5224,3.4941,3.5395,3.5618,3.5434,3.5811,3.5238,3.5218,3.4835,3.609,3.5188,3.4503,3.5163,3.4825,3.6816,3.5108,3.5048,3.5052,3.7484,3.5531,3.5592,3.57065
Zero Db and Other Stories,3.3283,3.5932,3.3452,3.3506,3.3478,4.4465,5.9605,3.4914,3.5446,3.2996,3.2953,3.327,3.314,4.2425,3.3648,3.351,3.3569,3.4453,3.5852,3.3671,3.3927,3.3676,3.3401,3.3144,3.3736,3.9053,3.3888,3.6821,3.424,3.3909,3.564543
The Heart of a Leader,3.9862,3.7106,3.6635,3.6674,3.8677,3.716,3.664,3.6964,3.6729,3.845,3.6912,3.6676,3.6497,6.01,4.15,3.6583,3.6245,5.746,4.0005,4.0742,3.6216,3.7213,3.8185,3.668,3.6568,3.6429,3.9824,3.6746,3.6948,3.6797,3.89741
Collected Stories of Reynolds Price,3.8374,3.4798,3.466,3.4655,3.8494,3.4647,3.4972,3.4487,3.8365,3.5153,3.5191,3.5,3.5026,4.382,4.6309,3.6565,3.4465,4.4454,3.7678,3.5511,3.529,3.5389,3.6796,3.9962,3.5346,3.4974,3.5405,3.5199,3.6083,3.5161,3.674097
The Divine Pastime: Theatre Essays,3.5321,4.8072,4.9672,3.68,3.9748,3.5014,3.7255,3.5034,3.7443,3.5473,3.5192,3.5035,3.5101,3.6745,3.5108,3.4922,3.5027,3.4552,3.4484,3.4922,3.6143,3.5095,3.5045,3.5076,3.5562,3.5171,3.5329,3.4879,3.7024,4.8015,3.694197
North Carolina Lighthouses,3.4063,3.5135,3.4081,3.4087,3.3848,3.3916,3.5739,3.4362,3.3948,3.3878,3.4148,3.6483,3.4336,3.4163,3.4405,5.2936,6.2358,3.6471,4.412,4.2552,4.1363,3.3832,3.6449,3.3712,3.3778,3.3924,3.3532,3.7992,3.4037,3.4266,3.693047
Vines (Burpee American Gardening Series),3.8467,4.1095,3.4333,3.4545,3.41,3.4603,3.4232,4.0466,4.7865,3.9456,4.1792,3.4264,3.4177,3.391,3.8139,3.4665,3.4674,3.4677,3.6127,3.5683,3.553,3.4623,3.4392,3.4702,3.4344,3.544,3.469,3.4748,3.4409,3.6226,3.621247
The Art of Cooking with Herbs & Spices,4.3897,4.3697,3.6231,3.6358,3.6206,4.2689,4.3611,3.6441,3.6578,3.7033,3.7327,3.6442,3.6425,4.3208,4.7295,3.6444,3.627,3.6876,3.8755,3.6633,3.6588,3.6424,3.7488,3.807,3.667,3.6446,3.9644,3.6758,3.6297,3.6388,3.83063
The uncommon cookbook,3.3801,3.3274,3.3565,3.6287,3.4066,3.3579,3.3499,3.3627,4.3401,4.9369,3.5896,3.3578,3.8338,3.421,3.5573,3.4026,3.3649,3.9447,3.3748,3.4016,3.3625,3.4009,3.3379,3.3503,3.3742,3.3456,3.5205,3.4305,3.4142,3.4095,3.521367
Small Patchwork & Quilting,4.1048,3.4043,3.5685,3.4091,3.4416,3.4436,3.4506,3.6523,3.4083,3.4233,3.3966,3.5109,3.3905,3.4163,3.4317,3.4223,3.4118,3.406,3.4799,3.3794,3.3838,3.3758,3.4196,5.3172,4.8064,3.4572,3.606,3.473,3.4161,3.4185,3.57418
Cooking With Helen McCully Beside You,4.2182,3.6427,3.6076,4.8674,3.6878,3.7339,3.6949,3.7602,3.6776,3.7977,3.7205,4.5491,3.747,3.6472,3.6591,3.713,3.8429,3.6621,3.6598,3.6407,4.0703,3.7851,3.806,3.6615,3.7344,3.6912,3.6655,3.7082,4.0633,3.7429,3.81526
Basic Principles of Classical Ballet,3.5173,3.7111,3.562,3.5142,3.5381,3.4914,3.8005,3.5112,3.5088,3.5022,4.6846,4.8783,3.7191,3.4984,3.4813,3.5049,4.4591,3.5181,3.5241,3.4808,3.9463,3.5427,3.5247,3.7511,3.4984,3.599,3.5307,3.5177,3.5274,3.5274,3.67903
The Biblical Road to Blessing,3.5855,3.6029,3.571,4.836,3.5905,3.5899,3.5574,4.2748,3.5936,3.5906,5.0508,6.7113,5.7187,5.7518,6.0293,5.4256,6.0675,5.2804,5.9254,5.8546,6.0925,6.082,5.7877,5.8852,5.9432,5.8519,5.7908,5.9451,5.8806,5.9296,5.159873
Henry VIII and His Court,5.6789,6.0436,5.6536,5.6827,5.7627,5.6466,5.9676,5.7561,5.6907,5.8015,5.5817,5.6471,5.94,5.107,3.7948,5.6342,5.5174,5.9522,5.659,5.7049,5.4651,3.9658,3.5744,3.4712,3.5069,3.475,3.66,3.5134,3.4806,3.5259,4.995353
The New Grove Mozart,3.4931,3.5117,3.652,3.5128,3.4981,3.51,3.6566,3.5686,3.5365,3.5203,3.4913,3.7384,3.5367,3.4993,3.4936,3.6615,3.5091,3.4931,3.5014,3.4961,6.4308,4.1398,3.4726,3.4406,3.4424,3.4618,3.799,3.502,3.5287,3.5163,3.653807
Short bike rides in New Jersey,4.8556,3.4973,3.3769,4.9797,3.4058,3.3893,3.3968,3.4691,3.7875,3.4587,3.4046,3.6026,3.511,3.3864,3.5064,3.4734,3.4405,3.4351,3.7429,3.5504,3.4291,3.4425,3.4665,3.5,3.468,3.4528,3.4774,3.651,3.4623,3.4525,3.582403
Pledged: The Secret Life of Sororities,3.563,4.4026,3.6302,3.4954,3.7926,3.568,3.5593,4.8872,4.6628,3.6555,3.5222,4.0789,3.5442,3.8164,3.5817,3.556,3.5733,3.665,3.5972,3.6292,3.5932,3.5359,3.5176,3.5256,3.6394,3.5677,3.5381,3.5548,4.0231,3.6651,3.731373
Smoky Mountains Trout Fishing Guide,3.5355,3.8095,3.5862,3.5778,3.5474,3.5609,3.6372,3.5395,3.5415,3.5455,3.7111,3.5565,3.5043,3.5559,3.8529,3.6032,3.5401,3.4994,3.5315,4.8283,6.3881,3.6078,4.0734,3.5304,3.5254,3.4937,4.1367,4.4066,3.564,3.5111,3.776713
A Thing or Two About Soccer,3.5685,3.5699,3.6416,3.5501,3.5042,3.5462,3.7442,4.9653,3.7095,3.879,3.476,4.2682,3.5717,3.6671,3.6371,3.565,3.6361,3.5611,4.6671,3.5756,3.5708,3.5563,3.6677,3.5678,3.5496,3.5759,3.7688,3.6096,3.5473,3.589,3.71021
Guide to Cults and New Religions,3.4372,3.4135,3.3756,3.3569,4.3461,4.5333,3.4191,3.3719,3.7859,3.6078,3.4608,3.4253,3.8121,3.4507,3.7279,3.4637,3.4538,3.8121,3.4558,3.5153,3.4213,3.4112,3.4364,3.4253,3.5235,3.434,3.4359,3.4185,3.5809,3.4257,3.557917
Winter Has Lasted Too Long,3.7669,3.9609,3.848,3.8207,3.7863,3.9784,3.8269,3.7985,3.8545,3.916,3.7932,3.7655,3.7568,3.9756,3.7988,3.7776,3.8168,3.8205,7.4827,4.0106,3.7353,4.5362,4.1047,3.7515,3.7118,3.9607,3.9961,3.8127,3.7898,3.8731,3.994237
"Iron Man: The Cal Ripken, Jr. Story",3.6574,3.4997,3.527,3.517,3.7771,3.6265,3.5755,3.5625,3.6231,3.7149,3.5647,3.5986,3.5983,4.3236,5.3728,4.1253,3.512,4.2446,3.5629,3.5706,3.5565,3.6791,3.5896,4.2357,3.9798,3.6442,3.5745,3.6763,3.5725,3.5749,3.754573
The Reader's Companion to South Africa,3.7656,3.6675,3.6027,3.5943,3.6076,5.6549,5.3602,4.4034,4.9125,5.4688,3.8981,5.2058,3.6116,3.6001,3.5935,3.9539,3.6267,3.6315,3.5783,3.6417,3.6011,3.6851,3.6376,3.5821,3.601,3.6011,3.8429,3.5919,3.5158,3.5754,3.953757
Dealing With People You Can't Stand,3.6717,3.6668,3.649,3.9275,3.7596,3.728,3.7447,3.9113,3.7131,3.7194,3.7075,3.8757,3.7486,3.743,3.7045,3.7093,3.8685,3.75,3.7275,3.7118,4.4545,5.6008,4.292,4.1412,3.732,3.7298,3.7346,4.5101,3.828,3.6932,3.89179
Hamlet (Oxford World's Classics),3.3681,3.5373,3.3779,3.4419,3.3316,3.3754,3.3869,3.3231,3.8186,3.3577,3.3576,3.3484,3.7177,5.1882,3.8016,3.7729,3.4628,3.3558,3.3937,3.9744,3.394,3.3508,3.3927,3.3663,3.4866,3.4063,3.4576,3.3839,3.3987,3.4071,3.52452
Hope Was Here (Newbery Honor Book),3.9629,3.6458,3.7657,3.5764,3.6174,3.5977,3.6814,3.7961,3.5942,3.5658,3.6002,3.7483,3.6004,3.6407,3.571,3.5588,3.6038,3.5897,4.1282,3.5869,3.584,3.6037,3.6626,3.5569,3.5933,3.5893,3.8207,3.6394,3.5733,3.6182,3.65576
Frank Sinatra: An American Legend,3.4493,3.4331,3.3961,3.4359,5.1709,4.4293,3.4322,3.4416,3.6777,3.4576,3.4821,3.4356,3.5817,3.4907,3.4438,3.4493,3.4265,5.1927,4.2318,3.3967,3.4543,3.6023,3.471,3.5003,3.4361,3.9236,3.5042,3.5025,3.7054,3.5168,3.669037
Game Birds Of North America,3.5307,3.4731,3.6311,3.6431,3.4635,3.4693,3.6036,3.6583,3.5067,3.4835,3.4573,3.6403,3.5754,3.5651,3.5009,3.4956,4.5976,5.3686,3.4679,3.5019,3.4258,3.6288,3.5058,3.4574,3.5849,3.5465,4.4588,4.1216,4.4304,3.4998,3.709777
The Birdwatcher's Companion,3.4864,3.4899,3.4848,3.4495,3.6797,3.4776,3.4636,3.4535,3.562,3.556,3.4664,3.4578,3.4484,5.3025,4.8377,3.587,3.5056,3.6039,3.5105,3.532,3.4892,3.6554,3.7288,3.4885,3.4541,3.604,3.495,3.4969,3.5264,3.4777,3.625693
"Stalking birds with color camera,",3.5342,4.8881,3.5298,3.5307,3.5215,3.7847,3.57,3.5416,3.5119,3.7512,3.5882,3.5828,3.5596,3.5462,3.7139,3.5548,3.5696,3.5766,4.4436,3.7246,3.5195,3.5201,4.5509,4.5314,3.6824,3.5528,4.0051,4.1621,3.5347,3.5208,3.753447
Banff Springs the Story of a Hotel,4.1104,3.6999,3.6456,3.9758,3.7724,3.7979,3.7727,3.8996,3.9506,3.7519,3.7263,3.6973,3.7207,3.8765,3.6802,3.7171,3.7037,3.6726,3.8619,3.7812,3.7632,3.7258,3.8555,3.8101,3.7384,3.7335,3.9835,3.7519,3.7192,3.7258,3.787373
Lost Cities of the Maya (Discoveries),3.5725,3.5476,3.5443,3.749,3.5812,3.5612,3.5434,4.4945,4.746,3.9173,3.5461,3.6158,3.711,3.5822,3.5666,3.5407,3.9146,3.5798,3.578,3.5669,3.6246,3.5821,3.6463,3.5479,3.5709,3.553,3.5884,3.7893,3.5815,3.562,3.68349
Life in Ancient Egypt,3.5526,3.4432,3.4038,3.4097,3.3771,3.5424,3.4116,3.4155,3.3846,3.568,3.3914,3.3877,3.3713,3.4083,5.3481,4.1864,3.3839,3.3115,4.2739,3.4195,3.441,3.4106,3.651,3.4023,3.4221,3.3884,3.4019,3.6222,3.3581,3.4317,3.55066
25 Bicycle Tours in New Jersey,3.4264,3.3915,3.3861,3.7163,3.5115,3.4125,3.3586,3.5822,3.4256,3.419,3.3951,3.389,5.0808,4.3105,3.752,3.4322,3.3898,3.4424,3.4245,3.5461,3.5027,3.5863,3.465,3.425,3.529,3.4587,3.5077,3.4317,3.4419,3.4402,3.552677
The World of the Ancient Maya,4.0964,3.4819,3.6893,3.4558,3.5191,3.4607,4.1909,3.8434,3.5137,3.4619,3.4469,3.6871,3.4814,3.4975,3.4974,3.5676,3.7068,3.4948,3.4796,3.4805,3.6121,3.4928,3.6057,3.5248,3.5042,3.5081,3.7033,6.0258,3.7682,3.5824,3.679337
Terrorism and Democracy,3.156,3.1847,3.1653,3.1941,3.299,3.1677,3.172,3.1647,3.1827,4.8092,5.0391,5.2042,5.3194,5.1997,5.2671,5.2699,5.0732,5.5938,5.5874,5.091,7.4202,4.4098,4.8408,5.1999,4.9105,5.2278,5.2197,5.0465,5.4341,5.226,4.63585
500 Full-Size Patchwork Patterns,5.8003,6.246,5.8913,5.8573,5.7344,5.2284,5.8929,6.047,5.9182,6.003,5.0482,5.8565,5.998,5.8997,5.9139,6.0378,5.9158,5.9012,6.7294,6.2349,5.7763,4.9405,3.9453,3.647,3.6347,3.626,3.7206,3.6698,3.7212,3.6385,5.28247
550 Home Landscaping Ideas,3.5514,3.5228,3.7574,3.571,3.5474,3.5227,3.6982,3.5695,3.5619,3.5261,3.605,3.5945,3.5709,3.5568,3.586,3.7634,3.5728,3.5663,3.5713,3.8533,4.9469,4.7064,4.2828,3.5432,3.5408,3.539,3.5972,3.8049,3.5394,3.6061,3.705847
The Princess Test (Princess Tales),3.5763,3.499,3.5348,3.4725,3.4631,3.4714,3.4681,4.1408,3.5628,3.6147,3.4834,3.4665,3.7361,4.52,4.2774,3.4731,3.4693,3.4646,4.1834,3.491,3.4803,3.4675,3.4772,3.7427,3.4931,3.5427,3.4921,3.468,3.4574,3.4567,3.614867
The Nature of Theatre.,6.401,4.7992,3.569,3.5421,3.5648,3.4761,3.3874,3.3863,3.5333,3.5305,3.4026,3.3973,3.3814,3.385,3.3534,3.5329,3.4312,3.4111,3.396,3.4459,3.4406,3.386,3.3629,3.3953,3.6455,3.4257,3.3702,3.3951,3.814,3.8745,3.614543
Interactive Bulletin Boards,3.4657,3.8398,3.6835,3.7074,3.4567,3.4244,4.2932,3.4394,3.4757,3.4355,3.4926,3.422,3.4293,3.5755,3.4788,3.5215,3.4668,3.494,3.4653,3.4619,3.4712,3.4589,3.6255,3.4815,3.4687,3.4686,3.5415,3.4647,3.4707,3.4691,3.531647
Jeremy: The Tale of an Honest Bunny,3.6986,3.6269,3.7664,3.6352,3.6564,3.6124,3.7129,3.7797,3.5866,3.5765,3.5808,3.6704,3.6072,3.634,3.5858,3.6024,3.6184,3.5836,3.7866,3.6547,3.5821,3.6055,3.6392,3.563,3.5647,3.5798,3.8431,3.6521,3.6445,3.6079,3.641913
The National Air and Space Museum,3.59,3.5502,3.5742,3.554,3.8447,3.611,3.6021,3.5989,3.7732,3.6311,3.6175,3.6137,3.8192,3.6243,3.6381,3.5949,3.6085,3.7102,3.5939,3.6025,3.5921,5.0234,3.7741,3.5499,3.5369,4.4191,4.75,3.9349,3.5761,4.1685,3.76924
The practice of social research,3.5021,3.5006,3.9882,3.5636,3.5968,3.5117,3.644,3.5308,3.553,3.5059,3.5206,3.5407,3.5482,5.0826,3.5388,3.5434,3.5562,10.7235,8.2821,6.7142,4.0324,5.8815,3.5644,3.5106,3.5044,4.1077,3.5336,3.5077,3.513,4.2675,4.24566
Families on the Fault Line,4.2711,3.4962,3.4637,3.4388,4.3164,3.4363,3.399,3.3889,3.3859,5.1629,3.9355,3.5502,4.0492,3.4652,3.4408,3.4465,4.0172,3.4981,4.6399,3.6114,3.4385,3.9677,3.4826,3.4436,3.4386,3.9341,3.4374,3.4161,3.409,3.5101,3.696363
The Clustering of America,3.5009,3.4329,5.1477,4.2051,3.5689,3.4293,3.9439,3.5138,3.441,3.505,3.404,3.4181,3.5415,3.4795,3.4636,3.4686,3.6599,3.4742,3.4856,3.4639,3.468,3.4848,3.6758,3.4805,3.4744,3.4692,3.4878,3.8992,3.4316,3.4346,3.59511
"Nelson Rockefeller,: A biography",5.4943,3.6991,3.4463,3.372,3.7678,3.4277,3.4121,3.4018,3.3972,3.5386,3.4285,4.262,3.4284,3.4984,3.4273,3.3849,3.467,3.3998,3.3863,3.4129,3.5749,3.4616,3.3926,3.4167,3.4333,3.6829,3.4373,3.4464,3.4539,3.7714,3.57078
Readings in art history,3.3457,3.2987,3.3037,3.4916,3.306,3.3228,3.2719,3.7522,3.9638,3.3338,3.3062,3.6001,3.3498,3.3433,3.3278,3.3092,3.5264,3.3283,3.5628,3.3773,3.3259,4.8577,4.3226,3.304,3.2531,3.8769,3.3942,3.339,3.3339,3.342,3.492357
Aditi: The Living Arts of India,3.624,3.5648,3.7244,3.6305,3.5607,3.6671,3.5826,3.5457,3.5551,4.9246,4.5195,3.738,4.126,3.5757,3.5974,3.5997,3.9119,3.6022,3.581,3.564,3.6552,3.5747,3.5898,3.6598,3.5811,3.5548,3.6069,3.7992,3.5878,3.53,3.71114
Practical Small Gardens,4.3233,3.3313,3.3003,3.5866,3.3824,3.3984,3.3587,3.3632,3.9131,3.3709,3.4076,3.3667,3.4413,3.3878,3.3867,3.4979,3.4074,3.3782,3.3556,3.5012,3.3812,3.3978,3.4014,3.3717,3.6156,3.3938,3.3809,3.3842,3.3731,3.5305,3.456293
The Closing of the American Mind,3.4717,3.481,5.9431,6.849,6.3125,3.7875,3.4793,3.4725,3.9368,3.5086,3.4888,3.4863,3.4811,4.5545,3.9645,3.4832,3.4446,4.9154,3.484,3.5312,3.4704,3.6186,3.513,3.4976,3.4943,3.5026,3.7505,3.473,3.4719,3.4456,3.910437
Fight Fat After Forty,3.538,4.1472,4.2144,3.8139,4.0525,3.5156,3.5748,3.5193,3.6031,3.6004,3.5738,3.5832,3.575,3.7792,3.7039,3.5656,3.5614,3.5688,3.5694,3.637,3.5992,3.5987,3.6007,3.577,3.6792,3.5998,3.5891,3.6004,4.3121,3.6746,3.684243
On the Edge of Cliff,4.0114,3.4776,3.4158,3.4195,4.418,3.9008,3.4995,3.4313,3.4267,4.2493,3.4386,3.4345,3.4217,4.2988,3.4676,3.4347,3.4289,3.4303,3.4771,3.4332,3.4434,3.4278,3.4259,3.4393,3.4314,4.0911,3.4105,3.3879,3.3873,3.7311,3.5897
The Professional: Lyndon B. Johnson,3.5516,3.5453,4.3429,6.9564,5.9596,3.7932,3.5525,3.5574,3.5179,4.222,3.6117,3.5892,3.5674,3.774,5.608,3.9466,3.521,4.2137,3.5912,3.5736,3.5672,5.0828,3.5802,3.5437,3.5457,3.6821,3.5862,3.5312,3.6303,3.5646,3.976973
German in 32 Lessons (Gimmick Series),3.513,4.0034,3.6023,3.5577,3.5555,4.762,5.011,4.1997,3.537,3.4985,3.518,3.4775,4.3609,3.5469,3.7353,3.6008,3.7391,3.5885,3.5624,3.6136,3.5893,3.556,3.5613,3.7137,3.573,3.5671,3.5491,3.7478,3.5439,3.5346,3.73063
Prep (Junior Library Guild Selection),3.5303,3.7081,3.5151,3.4934,3.508,3.6353,3.5348,3.478,3.4686,3.4605,3.6703,3.4998,3.4864,3.4953,4.5572,5.9774,6.4955,3.5931,3.5799,3.5348,3.5388,3.7588,3.5377,3.6644,3.5279,3.6698,3.5568,3.5216,3.6707,3.5671,3.774513
Irish Druids and Old Irish Religions,3.4892,7.5284,6.9769,6.5774,6.9087,5.3317,5.5802,4.0954,4.2321,5.7523,3.4896,3.4355,3.8853,3.4818,3.5011,3.4945,3.7518,3.5127,3.5148,3.5784,3.506,4.0543,3.4735,3.5172,3.4616,3.4352,3.4442,3.6586,3.4872,3.4748,4.254347
Eat Smart for a Healthy Heart Cookbook,3.7118,4.3849,5.9953,6.2799,6.0095,5.998,6.1174,5.9688,5.2652,3.8658,3.5551,3.655,4.6682,5.8027,5.196,4.0544,5.2195,5.6165,5.9433,6.4192,5.8915,6.013,5.9696,5.8993,5.0134,3.6499,4.1397,5.7309,5.7668,5.7816,5.25274
The Pleasures of Watching Birds,4.9081,5.9644,6.3137,5.9096,5.6712,5.6969,5.6475,5.6262,5.6321,5.659,5.6498,4.2809,3.597,3.5192,3.5333,3.5879,3.5293,3.5352,3.5514,3.5949,3.5365,3.5278,3.5531,3.5505,4.3633,5.5554,5.4889,5.6662,5.6209,5.667,4.73124
The Heritage of British Literature,5.5927,6.0814,5.5745,5.5303,5.7775,5.7397,5.6931,5.7924,5.709,5.7768,5.6995,5.5899,5.2287,3.8459,3.4807,3.4938,3.4994,4.0221,3.517,3.4936,3.4908,4.1286,4.076,3.7104,3.5092,4.4971,3.556,3.5034,3.4655,3.5596,4.554487
Second Treatise of Government,3.371,3.3579,3.3536,4.3332,3.4175,3.4006,3.3879,4.0217,3.7679,3.4194,3.4242,3.422,4.9096,3.6109,3.3561,3.334,3.4257,3.4262,3.3634,3.3772,3.3672,3.7691,3.4349,3.4249,3.41,3.396,3.4507,3.4052,3.4754,3.3991,3.53375
Essential History of Art,3.4052,3.8818,3.4635,3.4364,3.4438,3.4366,4.2519,3.4491,3.421,3.4174,4.2295,3.4644,3.4447,4.065,4.1086,4.2726,3.9876,3.3771,4.0982,3.4244,3.4316,3.4253,4.0198,3.4394,3.3941,3.4312,3.3977,3.451,3.4346,3.3824,3.62953
What Makes a Goya a Goya?,4.4141,3.3933,3.3628,3.363,3.4136,3.947,3.4216,3.4467,3.4166,3.3865,3.4809,3.4211,3.3917,3.3992,3.3901,3.3942,3.4074,3.5174,3.4169,3.3832,3.403,3.4312,3.367,3.3832,3.4112,3.399,3.4759,3.408,3.3951,3.3796,3.460683
When All Hell Breaks Loose,4.3165,3.6759,3.7909,3.6672,3.7014,3.6838,3.8021,3.8768,3.6919,3.6551,3.6903,3.7068,3.6944,3.8419,3.7395,3.6725,3.6593,3.7937,3.7017,3.7262,3.7119,3.6799,3.7813,3.7105,3.6758,3.696,4.1604,3.7395,3.7176,3.721,3.75606
"Gorgias (The Penguin Classics, L94)",3.5802,3.5598,3.5628,3.9771,4.4751,3.9273,4.2677,3.571,3.5683,3.5771,3.5774,3.8493,3.5929,3.5585,3.5651,4.1613,4.1465,3.5604,3.5317,3.5341,3.8153,3.5751,3.5719,3.5335,3.7977,3.5741,3.5854,3.5721,3.574,3.8554,3.719937
Quiet Times for Couples,3.3143,3.299,3.305,3.2892,3.8674,4.9193,3.8495,3.4748,3.3414,3.328,3.296,3.317,3.5728,3.266,3.2655,3.2559,3.2568,3.2881,3.261,3.2743,3.2664,3.2684,3.2651,3.28,4.0651,3.3461,3.3032,3.3074,3.2851,3.5309,3.431967
"Herds of Thunder, Manes of Gold",3.4574,3.4475,3.5751,3.4683,3.4505,3.4381,3.4212,3.5588,3.4322,3.4013,3.4158,4.0507,4.4676,3.7933,3.9296,3.4397,3.4102,3.5018,3.4477,3.6175,3.5172,3.4819,3.4925,3.4854,3.5781,3.4662,3.5231,3.4577,3.4734,3.4233,3.554103
Beginner's Guide to Golf,4.4887,3.7377,3.5481,3.4603,3.4671,3.4574,3.8017,3.5323,3.5953,3.5308,3.5748,3.8662,3.4897,3.4856,3.5169,3.5053,3.4797,3.8042,3.5486,3.5138,3.4985,3.5299,3.6072,3.5593,3.4989,3.5416,4.6162,5.8358,3.6058,3.5679,3.708843
The Single Parent's Money Guide,3.5414,3.5167,3.5142,4.8256,4.7725,3.6662,4.3465,3.505,3.5035,3.4894,3.7935,3.5647,3.5399,3.5225,3.5441,4.6222,3.5748,3.6116,3.5495,3.7368,3.5677,3.5265,3.541,3.5502,3.7578,3.5703,3.5234,3.5135,4.0532,3.5849,3.73097
Freud's Wishful Dream Book,3.5505,3.6829,3.5597,3.5317,3.5137,3.4975,4.934,3.5351,3.4853,3.4707,4.0923,4.5694,3.6676,3.4967,4.2385,3.6305,3.5617,3.5381,3.6305,3.5615,3.6615,3.5406,3.5207,3.6005,3.4956,3.5049,3.515,3.5234,3.5061,3.5081,3.67081
Ingenious Inventions of Domestic Utility,4.0701,3.5964,3.9417,3.5105,3.5723,3.5129,3.8857,3.5118,3.4882,3.4948,3.5245,3.5707,3.5222,3.5825,3.5531,3.5323,3.4953,3.519,3.595,3.5333,3.5233,3.5304,3.5904,3.5439,3.547,3.5248,3.7471,3.5166,3.5022,3.5317,3.585657
The Antiques Care & Repair Handbook,3.639,3.5263,3.5317,3.5392,3.6745,3.5751,3.5805,3.5875,3.7484,3.5619,3.5817,3.5484,3.5846,3.7001,3.5488,3.5292,3.529,5.0835,4.709,3.598,3.5298,3.6794,3.5837,3.6497,3.5999,3.8694,3.5866,3.5636,3.5703,3.5292,3.6846
After the Boxes Are Unpacked,3.9359,3.5479,3.7403,3.5532,3.6205,3.5749,3.5543,3.7864,3.5852,3.5543,3.5726,3.571,3.5941,3.5503,3.7764,3.5975,3.5644,3.5595,3.6597,3.6008,3.5548,3.5436,3.6486,3.5747,3.564,3.5742,3.5771,5.7094,5.8928,3.8212,3.76532
The Big Book of Gardening Skills,3.9256,3.7059,3.6938,3.5492,3.5077,3.6464,3.7099,3.5413,3.5198,3.531,5.307,3.6345,3.5128,3.5417,3.512,3.5192,4.371,5.0348,3.7048,4.2979,3.5411,3.5312,3.5239,3.5194,3.914,3.5708,3.5844,3.5422,3.8332,3.7698,3.769877
The Washington ethnic food store guide,3.5435,3.9469,3.6056,3.5751,3.6501,3.5924,4.0974,3.615,3.627,3.5754,3.7553,3.6426,3.6514,3.58,3.5874,3.5796,3.5895,4.9514,4.4345,3.8289,3.7663,4.4061,3.6385,4.1127,4.5793,3.6521,3.5907,3.6128,3.7094,3.6073,3.803473
Getting Started in Powerboating,4.8962,4.0328,3.9447,3.4006,3.4123,3.6704,3.4562,3.4222,3.394,3.3874,3.511,3.4076,3.4483,3.4177,3.3643,3.3837,3.404,3.4866,3.4058,3.4098,3.4123,3.5139,3.4271,3.4029,3.4091,3.4291,3.5488,3.4186,3.4259,3.389,3.521077
Worth the Fighting For: A Memoir,3.5543,3.512,3.5207,3.5736,5.4796,4.079,4.1063,3.483,3.4573,3.5085,3.4901,4.3171,3.5512,3.5913,3.5083,3.543,6.2285,4.2322,3.4948,3.5022,3.4851,3.7498,5.0895,3.5136,3.5262,3.6738,3.4679,3.4605,3.4915,3.4896,3.822683
Numbers (Wipe-Off Activity Books),4.2897,3.9868,3.7275,3.756,3.9049,3.832,3.716,3.7312,3.9369,3.7291,3.72,3.7126,3.6992,5.8626,5.7583,3.7309,4.0833,3.809,3.719,3.7242,4.1843,3.8938,4.6213,3.7685,3.7432,3.7768,3.9881,3.7519,3.7344,3.7565,3.988267
Pierre Franey's Cooking In America,3.5838,3.574,3.574,3.8914,4.054,3.5499,3.5208,3.5145,3.7927,3.5991,3.5714,3.5542,3.9413,3.5685,3.5858,3.5567,3.5572,3.7203,3.5982,3.5546,3.54,3.5584,3.5798,4.1747,6.4869,4.2932,3.558,3.5032,3.6218,3.5392,3.757253
Greek Art (New Revised Edition),3.3934,3.3741,3.3747,3.484,3.4446,3.3617,3.3569,3.3781,3.375,3.3863,3.4365,3.3641,3.343,3.3605,3.3407,4.7993,4.3187,3.6854,3.8293,3.3424,3.3385,3.3586,3.7659,3.8574,3.3482,3.3494,3.3697,3.5518,3.4167,3.3591,3.515467
Utopia (Crofts Classics),3.2743,3.297,3.2624,3.4104,3.3075,3.3151,3.3141,3.3145,3.4501,3.3494,3.331,3.2838,4.007,5.2882,5.2582,5.214,4.4347,5.3071,6.4179,5.3465,3.763,4.0307,7.3725,3.8397,3.3731,3.8182,3.2988,3.2871,3.2808,3.8606,4.036923
7 Simple Steps to Unclutter Your Life,5.7978,6.5754,6.3016,5.7236,5.2419,5.9324,5.8771,5.7356,6.5894,5.9574,5.8759,5.4608,5.9499,5.9428,5.8589,5.8989,5.909,6.2014,5.8545,6.0073,5.9706,5.9661,6.0624,5.9028,6.0248,5.9774,5.926,5.2038,4.5319,5.9111,5.872283
Metamorphoses (Oxford World's Classics),5.1624,5.3449,5.3267,5.3088,5.367,5.876,5.4978,5.4738,5.7313,5.4544,4.9376,3.7317,3.3656,3.4321,3.3823,3.3657,3.3577,3.3676,3.4817,3.3879,3.3439,3.3538,3.4884,3.3994,3.3676,3.3623,3.3166,3.4576,3.3907,3.3562,4.13965
Germinal (Oxford World's Classics),3.5547,3.3957,3.3877,3.3468,3.3807,3.5225,3.3936,3.3732,3.3354,3.3356,3.5169,3.3672,3.3376,3.3751,3.6834,4.3203,4.8005,3.4757,3.9517,3.3608,3.3776,3.3768,3.3492,3.5596,3.3374,3.3137,3.3373,3.3326,3.359,3.3297,3.496267
The California Coastal Resource Guide,3.5784,3.5713,3.5605,3.8389,3.5756,3.6219,3.5906,3.5716,5.5283,4.1169,3.886,3.5332,3.5747,3.6062,4.1579,3.6122,3.6281,3.5642,3.5789,3.6343,3.5902,3.5945,3.5717,3.6086,3.5814,4.3474,5.4988,6.1179,6.1429,4.9815,4.012153
The Ultimate Book Of Paint Effects,3.6867,3.7416,3.7875,4.4838,4.6696,5.4638,4.5913,3.9515,3.6022,3.5789,5.0051,3.6384,3.663,3.6497,3.702,3.7468,3.6034,3.5467,3.6034,3.5964,3.5697,3.5482,3.5919,3.5977,3.5498,3.9733,4.2461,3.6496,3.5984,3.6354,3.87573
Death and Deconstruction,3.3765,3.7005,3.5395,3.9802,5.4966,3.8171,3.4087,3.2804,3.2726,3.2778,3.217,3.4227,3.2978,4.8956,3.319,4.147,3.732,3.3007,3.2898,3.223,3.5078,3.313,3.9861,3.5668,3.2781,3.9457,3.2538,3.2649,4.4252,5.5637,3.70332
1990 BEST-RECIPES YEARBOOK,5.4077,4.6549,3.6179,3.6529,3.6048,3.9903,3.7672,3.6791,3.6991,3.7715,3.6823,5.1697,3.6776,3.8736,3.8006,3.9167,3.6893,3.7329,3.6922,3.752,4.0428,4.1868,4.4439,4.6561,4.8139,4.9206,5.2073,3.8825,3.573,3.5286,4.069593
People of the High Plateau,4.3506,3.9695,4.0215,4.7596,3.9526,3.6412,5.0751,4.6677,4.1263,3.7989,4.0358,5.2087,4.3318,4.3747,5.6532,5.9593,5.2008,4.7345,4.6099,4.2031,4.0514,5.0867,4.0136,3.8741,3.7278,4.1637,4.0628,4.9121,4.3165,4.0304,4.430463
Management and Organizational Behavior,7.7672,6.4818,4.6951,3.4552,4.3459,3.998,3.2226,3.1848,4.1269,3.2966,3.3284,3.2586,3.7781,6.1675,3.329,3.285,3.2762,3.2316,3.2619,3.5308,3.3034,3.2809,3.2594,3.2534,3.2674,3.2758,3.2475,3.2343,3.2508,3.3301,3.790807
Garfield Book of Cat Names,3.4154,3.4171,4.1262,4.4328,3.4833,3.4687,3.8605,4.5499,3.4751,3.4406,3.4529,3.5206,3.4249,3.403,3.3629,3.9045,3.4662,3.4219,3.4078,3.4084,3.8395,4.1229,3.48,3.458,4.8364,3.497,3.4033,3.3972,4.4749,3.6318,3.686123
Introductory clinical pharmacology,3.391,3.6359,4.322,3.6395,3.4746,3.4812,3.7913,3.457,3.6224,3.4546,3.4427,3.4229,3.4378,3.5602,3.4866,3.4662,3.4592,3.4653,5.721,5.0827,3.4795,3.4635,3.4329,3.4362,5.1451,3.5159,3.4765,3.4871,3.6559,3.4865,3.713107
Antiques as an Investment,3.455,3.4616,3.432,3.4317,3.992,4.1199,4.0423,3.4017,3.7048,3.4107,3.4347,3.9265,3.4378,3.3787,3.4232,3.6424,4.6188,3.7886,3.9879,3.4705,3.4046,3.4097,3.6399,3.5551,3.4809,3.501,3.6749,3.5623,3.556,3.571,3.63054
A Show of Hands: Say It in Sign Language,4.2334,3.9709,3.9322,3.7871,3.8083,4.0486,4.7263,3.8925,3.8301,3.7943,3.7907,3.7158,5.2354,3.881,3.816,4.3157,5.1591,4.4334,4.6338,4.4381,4.6137,5.1466,3.8403,3.769,4.2049,4.12,4.5068,3.8756,4.3411,3.9155,4.19254
Silent Sons: A Book for and About Men,4.5458,4.4282,4.2334,3.6933,3.8022,3.7562,3.649,3.6113,5.0836,3.9359,3.9492,3.8525,5.9035,6.7457,5.546,4.3942,3.6039,3.5746,3.9695,3.5957,3.556,3.7393,3.9159,4.615,3.7978,4.5955,3.8526,3.6303,3.7602,3.7777,4.170467
Walker Evans: A Biography,3.4969,3.5357,3.4587,3.4518,4.7262,4.7231,3.594,3.4231,3.6862,3.4243,3.5931,3.4201,3.9443,6.9769,3.6467,3.5556,3.6584,3.519,3.5035,3.4148,3.4341,3.3858,3.4077,4.7642,5.6185,6.1471,6.2228,5.5849,5.4462,3.6334,4.14657
Americas Glorious Quilts,4.0877,3.8786,3.802,3.8296,3.8759,3.7045,4.1642,4.5499,6.8369,5.9123,3.7281,3.8757,3.805,3.8669,4.0138,3.7415,4.0256,3.6414,3.6409,3.5555,3.5719,3.482,4.1979,4.3646,3.5416,3.6512,3.6914,5.2485,3.6165,3.5714,4.0491
Taming and Training Conures,4.4504,3.6224,3.445,3.4138,3.4642,3.5082,3.6206,3.3538,3.3203,3.2801,3.284,3.4854,3.4813,4.3697,3.5528,3.4645,3.3758,3.3031,3.6364,3.5134,3.3893,3.4344,4.1922,3.4561,3.4286,3.3168,3.4131,4.7905,3.2608,3.4776,3.570153
The bedside book of Martin Buxbaum,3.8517,3.7388,3.7566,4.6975,4.2025,3.6511,3.7887,3.7313,3.9548,3.6568,4.4706,3.7127,3.7639,3.6478,3.6337,3.7088,5.34,5.9065,3.7684,4.0117,3.8217,3.688,3.579,5.5853,6.3894,4.2041,3.7533,3.7696,3.7607,3.6093,4.105143
Zen Lessons: The Art of Leadership,5.6962,3.8261,3.8192,5.5834,5.8018,3.8473,9.1318,6.3358,7.0331,3.5892,4.4939,3.775,3.8967,3.6585,4.1479,3.7216,3.6867,4.6052,3.8487,3.6397,3.6518,3.685,3.795,3.652,3.6662,3.6253,3.6073,3.7033,3.6981,3.6839,4.363523
The Big Bands Trivia Quiz Book,4.3453,3.5956,3.6698,3.7664,3.6509,3.6459,3.5926,4.3946,3.6579,3.7779,3.5921,3.5645,3.4725,3.496,5.0232,6.8116,3.8038,3.6974,3.5549,3.5312,3.5764,3.5669,3.6373,3.5836,3.5924,3.7135,5.1025,4.1849,4.9167,3.9979,3.95054
D.H. Lawrence: The Story of a Marriage,4.9338,3.9128,3.8212,3.9592,3.8569,4.0635,3.8251,3.9569,3.8375,3.8715,3.8546,3.8645,4.4583,6.5496,5.1888,4.1069,3.8894,3.8384,3.9474,3.8483,3.915,3.8696,4.6147,4.3825,3.9412,3.8233,3.9591,3.9377,3.9427,3.8658,4.127873
Ashes of Glory: Richmond at War,3.7186,3.7525,3.7626,3.6706,3.723,3.5783,3.6461,5.0901,5.9021,3.7144,4.0367,6.6773,4.308,3.8232,4.1595,3.6691,3.616,3.537,4.8751,5.8714,5.9059,4.4625,4.1358,4.3165,3.8531,4.6506,5.6206,4.6097,4.132,4.0603,4.36262
Business Law: Text and Cases,5.5932,3.672,3.5163,3.5452,3.4584,3.7738,5.2221,5.5724,5.5147,5.0632,5.4738,5.5071,4.0515,3.9996,4.144,4.3567,4.2134,4.04,4.157,4.6842,5.5362,5.571,5.5692,5.5401,5.5891,5.5677,5.6501,5.6157,5.5676,5.0707,4.827867
Sea Otters: A Natural History and Guide,3.571,3.5441,4.354,3.5666,3.5364,3.5491,4.1481,4.6066,3.5811,3.5577,4.0367,3.6194,3.5573,3.5447,3.5444,3.6928,3.5195,3.4867,3.4891,3.7383,3.6028,3.5753,3.5643,3.5497,7.3244,6.9092,7.7029,7.4072,7.0618,7.4732,4.413813
The New Yorker Cartoon Album 1975-1985,3.6533,3.6264,3.5975,3.7596,7.157,7.1221,7.3729,7.0789,7.0833,7.3068,6.7695,3.6833,4.1957,6.5167,7.2666,7.0395,7.5815,7.1529,7.114,6.2979,7.0656,3.7293,3.678,3.6657,3.7246,3.6116,3.6011,3.5935,3.6595,3.598,5.376743
Hamlet's Mother and Other Women,3.4509,4.4208,4.0608,3.4289,3.4232,3.5263,3.4663,3.4014,3.4145,3.4096,4.5594,6.5944,7.0321,6.6496,3.5165,5.4055,6.7098,6.8223,6.8052,6.7608,6.7134,7.3157,6.8224,6.6372,3.6148,3.476,3.6209,5.3892,5.187,3.623,4.975263
The Book of Intimate Grammar,3.5889,3.6953,3.6086,3.6162,4.2312,5.2013,3.9518,3.6644,3.6657,4.3735,3.6797,3.6586,3.6289,3.7363,3.6801,3.6521,3.6295,4.6527,6.6423,4.9108,3.5559,3.7106,3.6209,4.0338,3.6104,3.4833,3.4582,3.5826,4.3643,4.7732,3.988703
Sunset Recipe Annual 1995,4.9945,4.3654,4.969,6.0876,5.3857,5.198,5.6384,5.7472,4.2443,3.6555,3.6457,3.6333,5.3323,6.4767,6.2929,5.9837,7.0913,6.3223,6.4313,5.7382,4.7932,5.1988,3.6991,3.7033,3.8398,3.6118,3.5943,3.6883,3.5836,3.5662,4.883723
Politics of Latin American Development,4.0595,3.5147,3.4805,3.7648,3.9177,3.5344,3.514,3.5169,3.6441,3.6399,3.5347,3.5207,3.7069,3.556,3.531,3.5339,3.5189,3.7007,3.5283,3.5197,3.809,4.8206,3.559,3.5387,3.9248,3.52,3.4591,3.4638,3.4582,3.4558,3.641543
Ronald Reagan: His Life In Pictures,3.38,3.3607,3.3581,6.6034,3.644,3.4078,3.4548,3.4031,3.3824,3.5325,3.4103,3.3955,3.4107,3.4178,3.5547,3.3946,3.3864,3.4156,3.5421,3.3964,3.4285,3.4241,3.3843,4.3632,3.4375,3.401,3.4011,4.4856,6.3042,3.41,3.696347
150 Years of Photo Journalism,3.6141,3.5486,3.4684,3.4616,3.7225,3.591,3.5529,3.5108,3.6347,3.5315,3.5537,3.5288,3.5196,3.5336,3.5366,3.6044,3.5473,3.5448,3.5132,3.6261,3.5143,3.5446,3.5447,3.5406,3.5827,3.5502,3.5542,3.7189,3.7575,3.542,3.566463
Alistair Cooke's America,3.4756,3.8339,3.4865,3.4881,3.4831,3.4507,3.6533,3.5018,3.4901,3.4779,3.6429,3.4799,3.4811,3.4732,3.4852,3.6009,3.5006,3.4872,3.5052,3.6154,3.4917,3.4713,3.4846,3.4853,3.6782,3.4816,3.4869,3.4786,4.1938,5.1564,3.6007
The Purpose Driven Life Journal,3.4616,3.6175,3.4926,3.6097,3.5069,3.4526,4.5419,4.6325,3.9958,3.4574,3.428,3.4065,4.5869,3.4747,3.5274,3.4968,4.0393,3.5165,3.5189,3.5055,3.5043,3.5556,3.5369,3.5485,3.5233,3.5212,3.5058,3.65,3.5523,3.5107,3.65592
Incidents in the Life of a Slave Girl,4.2684,3.6483,3.616,3.994,3.7019,3.6979,3.7059,3.9056,3.7288,3.7152,3.7098,3.6847,3.8136,3.718,6.0654,6.8439,5.5312,3.7533,3.7479,3.73,3.878,3.7222,3.7038,3.6997,3.7118,3.9125,3.7274,3.741,3.733,3.7552,4.00548
Human Resource Management,3.4579,3.4747,4.5109,4.511,4.1402,4.0081,3.4628,3.4304,3.4016,3.7269,3.4864,3.4385,3.3919,3.4244,3.8016,3.6696,3.3832,3.3888,3.3746,3.7864,3.4395,3.4187,3.4223,3.8769,4.0929,3.4164,3.4296,3.4249,4.3419,5.1421,3.70917
The Fundamentals of Play: A Novel,3.5389,3.5256,3.4975,4.5791,3.5261,4.4081,5.3671,3.8386,3.4826,3.9139,3.5246,3.5076,3.4951,3.5543,3.6911,3.5084,3.4997,3.5061,3.6316,3.5188,3.473,3.4987,3.5008,3.5201,3.6948,3.5294,3.5169,3.5004,3.4516,3.6985,3.6833
Solve Your Child's Sleep Problems,3.59,3.5762,3.7431,3.6118,3.5979,3.5965,4.4897,3.851,3.6576,3.6642,3.7443,3.6338,3.6027,3.598,3.5956,5.1521,4.2079,3.5648,3.5053,4.0257,3.6033,3.5932,3.5979,4.166,3.5923,3.6006,3.5849,3.6695,3.595,3.5795,3.753013
The World Of Biblical Literature,3.4663,3.4926,3.4757,3.6194,3.4918,3.4598,3.4563,3.6663,5.1103,4.0585,3.7834,3.4579,3.4145,3.4526,3.4424,3.921,3.476,3.5225,3.4715,3.4691,3.7854,3.4938,3.4641,3.4468,3.4696,3.4468,3.6065,3.4643,3.4591,3.4572,3.593383
Dissection of the Fetal Pig,3.9627,3.5241,3.6953,3.4919,3.5145,3.4885,3.6003,3.6786,3.533,3.5297,3.528,3.6081,3.5162,3.5371,3.5107,3.5165,3.6045,3.534,3.53,3.5371,3.6492,3.582,3.5545,3.5333,3.5286,3.6093,3.5612,3.5476,3.5425,4.3996,3.598287
Death bed: A detective story,3.5346,3.5005,3.6185,3.6893,3.6002,3.5488,3.5496,3.7418,3.598,3.5468,3.5467,3.5419,3.5582,3.886,4.3087,4.0552,3.5551,4.1577,3.5157,3.555,3.5414,3.7539,3.6053,3.584,3.5663,3.5839,3.598,3.5862,3.5945,3.5669,3.652957
Real Lace: America's Irish Rich,5.8472,3.5852,3.6255,3.5989,3.5938,4.8799,5.6036,3.6354,3.5109,3.4904,3.5121,3.7935,3.5665,3.6139,3.5596,3.7538,3.5536,3.5539,3.5584,3.5422,3.6313,3.5775,3.5573,3.551,3.7449,3.5421,3.5518,3.5417,3.5551,3.7908,3.780727
A Skeleton in God's Closet,3.609,3.6234,3.8041,3.6538,3.6294,3.6323,3.7689,3.649,3.6286,3.6157,4.0933,4.535,3.9873,3.5675,3.7329,3.6087,3.7611,3.6432,3.6388,4.7481,4.4631,3.6528,3.6296,3.8077,3.6303,3.5906,3.5721,3.615,3.5812,3.901,3.779117
The search for Peking man,3.458,3.4501,3.4262,3.5845,3.4499,3.43,3.4214,5.724,4.9091,3.8124,3.4407,3.8438,3.4415,3.5115,3.4584,4.0996,3.7687,3.5695,3.49,3.4843,3.7977,3.4938,3.492,3.4702,3.48,3.4717,3.4466,3.688,3.5008,3.4642,3.669287
My Country: The Story of Modern Israel,4.026,3.6711,3.8328,3.6765,3.685,3.6776,3.7536,3.9224,5.6583,5.9631,5.9229,6.0129,6.0038,5.9816,7.2799,5.2877,5.2138,6.0064,5.9959,5.9151,5.9744,6.4022,6.005,5.9375,6.0538,6.0072,5.9854,5.963,6.0546,6.0233,5.396427
The Macmillan Visual Desk Reference,5.9983,5.7608,5.8481,6.0431,5.7353,5.8017,6.9716,4.5786,3.587,5.2114,5.7647,5.746,5.1179,3.8621,3.6792,3.6115,3.8668,4.4419,5.7102,5.6604,5.688,4.306,3.5217,3.51,3.5008,3.6079,3.5271,3.511,3.5057,3.5251,4.706663
The standard wine cook book,3.6415,3.4653,3.5166,3.5087,3.4662,3.4445,3.4636,3.6792,3.4759,3.4984,3.4683,3.4982,3.5195,3.5093,3.5002,3.4719,3.4925,3.4879,3.4975,3.6746,3.4515,3.462,3.4617,3.6645,3.5089,3.5102,3.4916,3.5,3.6658,3.5053,3.51671
"Tales Of Passion, Tales Of Woe",3.418,3.5123,3.4119,3.3975,3.3702,3.3748,4.1487,4.294,3.5151,3.8273,3.4038,3.4107,3.4431,3.4201,3.9187,3.4031,3.3895,3.3782,3.7049,3.4071,3.3976,3.3843,3.3994,3.3975,3.3862,3.5382,3.465,3.4518,3.4573,3.4483,3.51582
Keeping Life Simple: 380 Tips & Ideas,3.8657,4.1275,3.5316,3.5376,3.5339,3.7549,3.5614,3.5533,3.7132,3.5655,3.5318,3.5514,3.9248,3.9947,3.6274,3.6044,3.4605,3.5085,3.5021,3.8412,3.9186,3.574,3.5564,3.5499,3.6323,3.5675,3.5366,3.541,3.5677,3.5484,3.642793
The Testament of Light,4.042,3.6346,3.4372,3.3973,3.4729,3.4506,3.6108,3.4569,3.4415,3.484,3.4475,3.4783,3.4962,3.4507,3.4296,3.4526,3.4692,3.4499,3.5431,3.4806,3.4641,3.4453,3.4961,3.4448,3.4589,3.4654,3.4486,3.6989,3.5147,3.4769,3.501307
Debrett's book of royal children,3.7222,3.5552,3.5298,3.5181,3.512,3.7643,3.5832,3.5722,3.5741,3.7031,3.5823,3.5756,3.5576,3.8482,4.3037,3.9655,3.5131,3.8994,3.5822,3.6407,3.578,3.5584,4.6766,3.5632,3.5582,3.5546,3.705,3.5698,3.6079,3.5574,3.681053
"Rock, Roll & Remember",4.1788,3.4384,3.4272,3.45,3.5667,3.4723,3.975,3.592,3.6599,3.4654,3.452,3.4632,3.4698,3.6841,3.46,3.5031,3.4458,3.4665,3.4598,3.4762,3.5185,3.4693,3.4725,3.4747,3.4582,3.5185,3.4657,3.4764,3.4783,3.6466,3.536163
Everyone's Money Book,3.4872,3.459,3.9493,5.4313,3.9843,4.2216,3.4388,3.4883,3.4563,3.653,3.4717,3.4573,3.4601,3.4615,3.5485,3.4403,3.466,3.4338,3.4598,3.4612,3.4675,4.1399,3.5301,3.7639,3.5428,3.49,3.4563,3.4334,3.7521,3.4935,3.643293
The Dannon Book of Yogurt,3.5069,5.3912,4.882,3.9135,3.4659,4.0433,4.2496,3.4578,3.4251,3.5476,3.6251,3.5249,3.513,3.6346,3.7344,3.5374,3.5052,3.5171,3.6234,3.5263,3.5185,3.5292,3.5055,3.511,3.5068,4.7252,4.8764,3.5076,3.9609,3.6487,3.797137
TERRITORIES OF THE VOICE,3.4505,3.4393,3.7043,3.4746,3.4523,3.4441,3.7519,5.4269,4.7381,3.423,5.1023,4.275,5.79,3.7111,3.4534,3.4344,3.5099,3.4332,3.4134,3.4306,3.4423,3.4487,3.4578,5.0356,3.4671,3.4492,3.4553,3.6875,3.47,3.4543,3.807537
Anne Frank : The Biography,3.6839,3.5415,3.5155,3.508,3.5003,3.6554,3.5098,3.4941,3.4549,3.6036,3.5333,3.5061,3.4904,3.7336,4.6611,4.3653,3.4971,3.7954,3.4835,3.5854,3.5089,3.4947,3.8745,3.6686,3.5105,3.5215,3.8518,3.4821,3.4937,3.5077,3.634407
Muhammad: The messenger of God,3.534,3.5472,3.6712,3.5776,3.555,3.5552,3.6649,3.5512,3.5414,3.5478,3.5226,3.715,3.5547,3.5666,3.5631,3.9741,4.4081,3.7333,3.4663,3.8085,3.6553,3.5637,3.555,3.5512,5.7598,3.8176,3.5795,3.5641,3.566,3.5532,3.70744
Ending the Homework Hassle,4.1073,3.9565,3.4573,3.4293,3.4659,3.4776,4.0239,3.5004,3.545,3.5168,3.5013,3.5468,3.5037,3.4779,3.4958,3.4994,3.4862,3.6303,5.035,3.4753,3.5827,3.4551,4.1548,4.3858,5.5646,4.7324,3.4763,3.4512,3.8283,3.4893,3.775073
The Race for the Triple Crown,3.4808,3.8962,3.5093,3.5011,3.4851,3.5051,4.3076,4.0706,3.5274,3.4378,4.4015,3.9789,3.5207,3.4982,3.5624,3.6816,3.5455,3.5055,3.5039,3.5059,3.5068,3.4791,3.4699,3.4998,3.5118,3.5015,3.7057,3.5103,3.4694,3.4768,3.61854
OFFICIAL GUIDE TO THE SMITHSONIAN,4.2163,3.5739,3.756,3.5118,3.5233,3.527,4.0931,4.2146,3.5294,3.5576,3.5327,3.6497,3.5487,3.5485,3.5671,3.5587,3.5637,3.7736,3.5564,3.5574,3.537,3.5213,3.6915,3.5704,3.5555,3.5427,3.7879,3.5561,3.5556,3.5626,3.641337
Dale Earnhardt: 1951-2001,3.574,3.5916,3.5852,3.5813,3.7121,3.5752,3.5746,3.5864,3.6783,3.6032,3.5666,3.5804,4.2409,6.1417,3.6616,3.6285,3.7102,3.5814,3.6009,3.5832,3.8538,5.5222,3.9197,3.5181,4.2302,3.5227,3.5911,3.5212,4.3519,3.5699,3.831937
The Mayor of Central Park,3.4967,3.5048,3.6301,3.5028,3.5155,3.4978,3.4849,3.512,3.7233,4.431,3.6001,3.8104,3.5768,3.5365,3.5226,3.5634,3.7184,3.5498,3.5181,3.7076,3.5271,3.4787,3.5134,3.5128,4.4635,5.1944,3.5628,3.4799,4.5399,3.6252,3.71001
Diary of an Arctic Year,3.5721,3.5892,4.1959,4.1844,3.5799,4.5253,4.56,4.0467,3.5138,3.9452,3.638,3.5871,3.5688,3.7165,3.5651,4.783,3.7682,3.6629,3.6089,3.6142,3.6074,3.6075,3.6009,3.6006,3.7229,3.6088,3.5942,3.5697,3.9167,3.8591,3.7971
Pony Express Christmas,3.2804,3.2774,3.5226,3.3062,3.2878,3.2889,3.4612,3.2792,3.2758,3.288,3.2739,3.426,3.2752,3.2842,3.29,3.289,3.4008,3.2934,3.2874,3.2887,3.2767,3.3831,3.2933,3.2763,3.2865,3.5266,4.4825,5.286,3.305,3.7109,3.4401
A Crafter's Book of Angels,4.6112,3.5819,3.5162,3.4865,4.7462,3.5724,3.5333,3.5552,3.9593,3.5847,3.5755,3.5747,3.5868,3.5967,3.5985,3.6043,3.5894,3.5837,3.5742,3.6948,3.5825,3.58,3.5906,3.5804,3.6342,3.5889,3.5933,3.593,3.8546,3.6202,3.678107
Phonics (Step Ahead),3.4067,3.6973,3.4253,3.4074,3.382,3.4146,3.5402,3.391,3.3904,3.3945,3.5468,3.4342,3.3826,3.4132,3.4152,3.5887,3.4096,3.3967,3.3876,3.5025,4.1061,4.1157,3.3898,3.3109,4.2988,3.3855,3.3861,3.3812,3.7567,3.4106,3.515597
The World of Silent Flight,3.5048,3.5097,3.6436,3.5158,3.5334,3.4743,3.47,3.4613,3.4827,5.0571,4.2069,3.8893,3.4713,3.576,3.5003,3.7347,3.5168,3.5008,3.4898,3.4871,3.5261,3.5077,3.5061,3.47,3.4958,3.5084,3.4835,4.1911,3.6005,3.7216,3.63455
The transparent self,3.4985,3.4466,3.4314,4.1946,3.5042,3.4663,3.4716,4.038,3.9838,3.5951,3.3953,3.3924,3.6481,3.4213,3.4703,3.3986,3.4552,3.5994,3.4453,3.4566,3.4389,4.3614,5.4046,5.6471,5.62,5.8976,5.6192,5.5891,5.7156,5.7052,4.14371
Islands (Scientific American Library),5.7237,5.4904,5.4709,5.5747,5.5038,5.7129,4.9048,5.4974,5.5605,5.4854,5.4631,5.6652,5.5169,5.4993,4.8,4.1904,5.4095,5.6097,6.3314,5.3449,5.424,4.9717,5.4528,5.8643,4.7174,5.4906,5.7308,5.4909,5.4998,5.5118,5.4303
The Mammoth Cheese: A Novel,5.982,5.5897,5.4706,4.1054,3.4709,3.7389,3.4696,3.4766,3.4578,3.5667,3.4805,3.4786,3.5526,3.4979,3.4446,3.4443,4.1718,3.6996,3.4739,3.87,3.4788,3.4938,3.4485,3.5585,3.5806,3.4421,3.4357,3.4196,3.518,3.4812,3.776627
Decatur house and its inhabitants,3.3934,5.2677,4.3529,3.4035,3.3859,3.4706,3.3855,3.3807,4.0287,3.4186,3.3233,4.4671,3.4231,3.4513,3.4156,3.5755,3.376,3.3622,3.3816,3.3638,3.522,3.4158,3.4175,3.4251,3.4131,3.4146,3.3935,3.8636,6.4903,4.2638,3.70821
Guilty: The Collapse of Criminal Justice,4.4527,3.5847,3.7411,3.531,3.555,3.5273,4.0845,3.6021,3.6026,3.5953,3.5921,3.8645,3.6029,3.5757,3.5952,3.5884,3.5752,3.6858,3.6056,3.6035,3.6045,3.5665,3.6212,3.6058,3.5612,3.5661,3.8432,3.6204,3.6169,3.6069,3.659263
Life in a Medieval Castle,3.477,3.4707,3.4475,3.5906,3.5342,3.4913,3.4672,3.4759,3.6057,3.5156,3.5031,3.4707,3.6366,3.466,3.4786,3.4682,3.4726,3.5852,3.4678,3.4662,3.466,3.7271,4.9261,4.1271,3.4594,3.9063,3.4501,3.4725,3.4736,3.4435,3.584747
"If You Leave Me, Can I Come Too?",3.9988,3.7963,3.9668,3.8812,3.8409,3.8245,3.9035,4.0013,3.8398,3.8696,3.8334,3.9037,3.8329,3.8075,3.8359,3.845,3.8129,3.9149,3.8629,3.8503,3.8468,3.8543,3.8469,3.8119,3.8456,4.0318,3.8968,3.8714,3.8493,3.9306,3.873583
The Chiangs of China,3.4427,3.4377,3.6086,3.468,3.449,3.4407,3.4441,3.5689,3.4645,3.4405,3.4615,3.6116,3.4654,3.4559,3.4409,3.4572,6.1147,5.2251,3.4537,3.4312,3.7765,4.6328,3.8849,3.3874,3.7297,3.4244,3.557,3.4274,3.4207,3.6916,3.69381
"Antaeus: No. 69, Fall, 1992",3.6354,3.8891,3.6912,3.6753,3.6571,3.6472,3.6819,3.6381,4.0352,5.5062,4.5484,3.6994,3.6326,3.6292,3.6634,4.8709,3.7006,3.702,3.6768,3.6549,3.6767,3.8385,3.6628,3.676,3.6483,3.9183,3.6733,3.658,3.663,3.9364,3.83954
Sociology: A Down-To-Earth Approach,3.6381,3.6439,3.6258,4.5853,4.3888,4.1139,3.682,4.2966,3.7057,3.9017,3.6578,3.6319,3.6309,3.6373,3.6712,3.6566,3.644,3.6335,3.659,3.6537,3.666,3.7732,3.6716,3.6654,3.6567,3.8435,3.6989,3.7004,3.6866,3.7447,3.772157
Breads: Step-by-Step Techniques,3.5964,3.6033,3.8082,3.6304,3.5732,3.5824,3.5987,5.4658,4.4024,4.2608,3.6024,3.5703,3.6112,3.6192,4.8418,3.6183,3.6235,3.5997,3.6877,3.6216,3.659,3.5948,3.614,3.6307,3.6167,4.7536,4.4337,5.3812,5.0681,5.1663,3.994513
Real World Illustrator 8 (2nd Edition),3.5124,3.4878,5.1392,4.1511,3.519,3.5046,4.2432,4.9556,3.6303,3.4547,3.5434,3.5919,3.514,3.4837,3.5532,3.6848,3.5615,3.5398,3.5304,3.5711,3.5255,3.4948,3.4921,3.5109,3.508,3.4967,3.9862,3.5485,3.533,3.5207,3.692937
Motherhood: The Second Oldest Profession,3.6026,3.589,3.5658,3.6833,3.6186,3.5998,3.5927,3.6701,3.5981,3.546,3.5723,3.5641,5.7257,5.5114,3.738,4.156,3.56,3.6314,3.5896,3.6362,3.6389,3.6008,4.2234,3.5891,3.6461,4.2911,3.5918,3.5803,3.578,3.7333,3.80745
F. Scott Fitzgerald (Literary Lives),3.6879,3.6844,3.781,3.6622,3.6556,3.6147,3.6347,3.6376,3.6411,4.5542,4.6668,4.2377,3.655,4.0448,3.6707,3.8803,3.6344,3.6837,3.6085,3.6069,3.6888,3.6532,3.6311,3.6256,3.8056,3.6727,3.6642,3.6643,3.7285,3.659,3.76784
8-Color Country Cross-Stitch,3.6786,3.8285,3.6976,3.6878,3.6755,3.6765,5.9,3.7003,3.6376,3.7485,3.6798,3.6674,4.3896,3.6808,3.6083,3.805,3.6518,3.6544,3.6546,4.1136,3.703,3.6984,3.6688,3.709,4.865,5.6931,5.8624,6.1715,5.8302,6.3989,4.22455
Surviving Schizophrenia: A Family Manual,5.0659,5.9651,3.4963,3.4731,3.4729,3.8423,3.4879,3.4626,3.4687,3.4729,3.5809,3.5014,3.4742,3.515,3.5088,3.5099,3.5944,3.4722,3.4998,3.4933,3.4943,3.6347,3.4879,3.4789,3.4849,3.5315,3.48,3.4664,3.4702,3.4704,3.645227
John Clancy's Christmas Cookbook,4.0611,3.533,3.7386,3.3922,3.4292,3.4048,4.0996,3.4835,3.4546,3.4862,3.4504,3.5266,3.4442,3.4287,3.4222,3.4371,3.4336,3.4462,3.4912,3.4537,3.4672,3.4227,3.5247,3.444,3.4382,3.447,3.4325,3.5716,3.5269,3.4964,3.51293
Classics of Jewish Literature,3.5652,3.4296,3.4413,3.4182,3.408,5.0818,3.4406,3.3612,4.6073,3.8997,3.401,3.3737,3.7339,3.4582,3.4421,3.4473,3.4427,3.5282,3.4642,3.5881,3.4298,3.4252,3.6551,3.4363,3.4196,3.43,3.4119,3.442,3.428,4.8073,3.613917
How to Get a Business Loan,4.1984,3.6415,3.6018,3.7721,3.7483,3.6697,3.6639,3.6925,3.8242,3.698,3.6793,3.6775,3.7371,3.6786,3.6597,3.6772,3.6766,3.683,3.7089,3.7116,3.6686,3.6775,3.7511,3.6916,3.6899,3.6748,3.6756,3.9047,3.6391,3.6129,3.712857
The Runaway: A Novel,3.636,3.4468,3.3926,3.4165,3.73,5.426,4.1385,3.3883,4.7639,4.022,3.4575,3.4767,4.0231,3.886,3.4017,3.3731,3.3905,3.6289,3.4215,3.4062,3.4156,3.6548,3.557,3.389,3.3935,3.4055,3.5384,3.4421,3.4057,3.3979,3.64751
The White-Flower-Farm garden book,3.6143,3.5664,3.5371,3.7107,3.5434,3.586,3.565,3.5707,3.7791,3.6345,3.5941,3.5979,4.5502,4.7193,3.9844,4.307,3.5628,3.555,4.133,4.7219,3.6131,3.6207,3.7099,3.5822,3.5575,3.6234,3.5779,3.5538,3.5598,3.8485,3.76932
Art of the Gold Rush,3.5432,3.5344,3.6472,3.5238,3.5095,3.5214,3.5342,3.7136,3.5631,3.5456,3.5275,5.057,4.3414,4.6687,3.5544,3.5854,3.5452,3.5708,3.7595,3.6,3.606,3.5833,4.0058,3.8374,3.518,3.4964,3.4963,3.9186,3.6136,3.5917,3.7171
"Biology: Evolution, Diversity...",3.9192,3.4117,3.4407,3.4417,3.5796,3.4256,3.4392,3.4157,3.4326,3.4313,3.4328,3.8576,3.9742,3.4646,3.4711,3.4545,4.3954,4.7037,4.2615,3.4551,3.4331,3.4636,3.4864,3.615,3.4997,3.526,3.4741,3.4778,3.7597,3.4867,3.620997
William Faulkner: First Encounters,4.3731,3.5714,3.5175,3.5026,3.5496,4.3731,3.5915,3.562,3.559,3.6066,3.569,3.5548,5.6562,5.7526,5.8351,5.7828,5.8108,5.9261,5.7306,5.8903,6.0336,5.7311,5.8066,3.9447,5.7039,5.7821,5.8122,5.8025,5.8665,5.7338,4.897723
Feminism and Psychoanalytic Theory,5.6025,5.3511,5.3439,5.5297,5.3655,5.3005,7.1241,6.8932,3.9252,6.4484,6.2163,5.4642,5.3233,5.3852,5.7161,5.1277,5.3696,5.297,5.3408,5.3705,5.3788,5.3375,5.4081,5.396,3.5777,3.3016,3.3418,3.3024,3.2636,3.3073,5.103653
Western Junior League Cookbook,3.5271,3.3606,3.4208,3.3554,3.4761,3.3642,3.3658,3.7832,3.3838,3.3497,3.3643,3.4051,3.368,3.3667,3.3596,3.3676,3.3647,3.3465,3.3611,3.8599,3.3473,3.3558,3.3535,3.6265,3.4754,3.3444,3.4009,3.3421,3.3618,3.5096,3.42225
Charles: The untold story,5.0266,3.5432,3.5379,3.5182,4.6802,3.6225,3.4775,3.4528,3.6192,3.5144,3.4831,3.4989,3.481,3.6497,3.6007,3.5647,3.5774,3.6797,3.5676,3.5604,3.5795,3.5717,3.5594,3.5838,3.6655,3.5949,3.5981,3.5784,3.5793,3.7724,3.657957
Some Times in America,3.4154,3.4015,3.6393,3.4309,3.4046,3.3987,3.7803,5.1738,3.8744,3.9347,3.5055,3.3444,3.4646,3.3953,4.0795,3.4282,3.4078,3.3911,3.3722,3.6057,3.4011,3.4083,3.4034,3.6071,3.4069,3.4037,3.4116,3.4078,3.6842,3.4336,3.567187
Christmas Treasures: Christmas Cookies,3.2802,3.4909,3.3223,3.2914,3.292,3.2928,3.5762,3.9891,3.8212,3.2683,3.2231,3.9153,3.2834,3.8758,3.4535,3.2458,3.3979,3.2772,3.2841,3.2682,3.278,3.5078,3.2783,3.2889,3.2847,3.2749,3.4844,3.2718,3.2987,3.2812,3.403247
The Perfect Christmas,4.6073,3.3353,3.2923,3.2799,3.5525,3.3116,3.3123,3.3144,3.384,3.4343,3.3523,3.3303,3.343,3.3798,3.3446,3.3318,3.3268,3.3259,3.3353,3.3308,3.3243,4.7394,3.3344,3.3476,3.3447,3.3857,3.3368,3.3422,3.3248,3.3122,3.433887
100 Greatest Pitchers,3.4781,3.4658,3.4707,3.5658,3.4834,3.4559,3.4498,3.6235,3.4986,3.4877,3.4796,3.4847,3.602,3.4174,3.4148,3.4151,3.8705,3.7732,3.4351,3.382,3.3999,4.1859,3.4504,3.4465,3.4626,3.8904,3.8114,3.4555,3.4308,3.45,3.541237
Gymnastics Balancing Acts,3.9639,3.4137,3.3878,3.7716,3.4963,3.4791,3.4484,3.502,4.0702,3.8586,4.2898,3.4885,3.4897,3.4798,3.9841,5.1926,3.7344,3.5165,3.4302,3.707,3.4633,4.3624,3.4899,3.4947,3.4972,3.4944,3.6237,3.4786,3.4457,3.4451,3.683307
Castaways of the Flying Dutchman,4.0474,3.4843,3.4402,3.6747,3.5786,3.5334,3.5136,3.5401,3.7891,3.5486,3.5993,3.501,3.5454,3.5926,3.5512,3.5235,3.5304,3.5152,3.508,3.5087,3.7669,3.532,3.5044,3.5086,3.5323,3.5346,3.5289,3.5278,3.8206,3.5559,3.57791
Star Bright: A Christmas Story,3.5502,3.5343,5.2275,4.3565,4.0584,3.5592,3.5221,3.559,3.5619,4.0776,3.5649,3.5446,3.5595,3.6559,3.5508,3.5667,3.5852,3.5605,3.5639,3.5537,3.6579,3.5508,3.5716,3.5774,3.5744,3.5744,3.5782,3.5778,3.5689,3.8109,3.691823
Phonics Short Vowels,3.4409,3.408,4.2774,4.3572,3.6469,4.0013,3.4435,3.4401,3.4279,3.4384,3.8196,3.3974,3.3718,3.3836,3.3847,3.4493,3.4277,3.8131,3.4436,3.5118,3.4566,3.5976,3.4504,3.5266,3.449,3.4998,3.5445,3.5595,3.446,3.5166,3.56436
Creating Space without Adding on,3.9801,3.4485,3.9541,3.8385,3.3605,3.7821,4.2399,3.8547,3.4588,3.7756,3.9012,3.6409,3.7006,4.1012,3.7482,3.6374,3.7858,3.3612,3.7772,3.5829,3.9759,3.401,3.9213,3.4412,4.0291,3.4302,3.7904,3.4065,3.9504,3.5652,3.72802
Baby Science: How Babies Really Work!,4.2791,3.8609,4.3064,3.6996,4.6324,4.5383,6.7628,4.0933,4.2041,4.6141,4.3905,4.2123,3.7853,4.7825,3.9851,4.0768,4.4726,4.2787,4.2567,3.8012,4.6455,4.2373,3.7294,4.1718,3.9431,4.3238,3.9921,4.0798,4.329,3.883,4.278917
Instant Decor (Decorating Made Easy),3.9414,4.0633,4.2094,3.6083,4.5798,3.832,5.473,4.2369,3.6336,4.3577,4.8607,4.3158,4.1758,4.0465,4.1388,3.8587,3.9536,4.4479,4.5414,4.0164,3.6757,4.2655,4.0386,3.6649,4.0466,3.8581,4.2405,3.6228,4.1535,3.6784,4.117853
American Family Treasury,3.7795,3.8125,3.9319,3.6246,3.9219,3.6004,3.6835,4.4665,4.2429,3.7203,3.3761,3.3797,4.1155,3.2995,3.3078,3.3324,3.4636,3.2805,3.2526,3.2724,3.3485,3.4543,3.3109,3.308,3.2948,3.4736,3.2867,3.2712,3.2688,3.2606,3.53805
"Breakthroughs (The Great War, Book 3)",3.5911,3.5622,3.589,3.7824,3.6172,3.6029,3.5948,4.259,4.3895,3.8563,3.5112,4.0842,3.6056,3.863,3.606,3.5972,3.6015,3.5817,4.1806,3.5661,3.5288,3.5185,3.8397,3.6012,3.6079,3.6292,3.7408,4.1241,3.6141,3.7252,3.732367
Celebrities and Their Angels,3.5546,3.3426,3.3993,3.3296,3.4214,3.331,3.4108,3.6014,3.4365,3.3215,3.3365,3.7932,4.8777,3.8725,4.4478,3.3347,3.8245,3.8964,4.6254,3.7184,3.3032,3.7325,3.3067,4.0459,3.2813,3.936,3.3016,4.0208,3.2808,3.7753,3.661997
Lydia Cassatt Reading the Morning Paper,4.1434,5.0578,3.5921,4.0287,4.0564,6.0635,4.8903,3.5528,5.1187,4.7712,3.5396,4.3409,6.1493,5.142,3.9849,4.6829,4.5918,4.0866,3.7013,5.6949,4.2093,3.5438,3.9705,3.8881,3.7335,3.5867,3.6474,4.0531,3.6791,3.8928,4.313113
Ohio Angels: A Novel,3.4958,3.3855,3.6953,3.3812,3.5347,3.3651,3.4303,3.3358,3.4086,4.3766,4.2482,3.4164,3.4392,3.8642,3.6412,4.3193,4.007,3.4395,3.3468,4.12,3.3994,3.6977,3.3907,3.6562,3.6046,3.5642,3.3928,3.7079,3.5125,3.6528,3.62765
Heavenly Date and Other Flirtations,3.6777,3.3443,3.6468,3.3576,3.7326,3.3689,3.8803,3.4011,3.7903,3.3802,3.6538,3.5307,3.5174,3.3484,3.4261,3.6537,5.4538,4.0964,3.4575,4.7785,3.8916,3.461,3.3428,3.8551,3.5445,3.7912,3.4072,3.4667,3.6881,4.5686,3.717097
9 Innings With Cal Ripken Jr.,3.6221,4.2124,3.6685,3.7747,3.6676,3.8597,4.4561,3.6828,3.7691,3.7828,3.8099,3.6555,3.724,3.6697,3.7666,3.6894,6.0751,4.271,4.4499,3.7418,3.6409,3.7632,3.7241,4.4857,3.6717,3.9803,3.701,4.5216,3.8474,4.1198,3.960147
A Woman's Book of Strength,4.3023,3.5335,4.0749,6.0025,6.1179,4.8385,4.367,4.5219,3.5453,3.5135,3.4993,3.6666,4.6476,3.5169,3.4893,3.5885,3.6979,3.5581,3.5521,3.5404,3.7333,3.7425,3.6113,3.6843,3.7599,6.3461,4.5291,3.5346,4.4837,3.594,4.086427
Conversations About Bernstein,3.6765,4.7291,4.1024,3.6648,4.8148,4.9793,5.9351,5.7967,6.3225,5.6472,5.8195,5.7406,5.7786,5.5727,5.8101,5.8375,5.883,6.2604,5.6038,5.8683,5.8683,5.8467,5.9079,5.8588,5.8696,5.8603,5.9616,5.8649,5.4078,5.3484,5.52124
Panmunjom: Facts about the Korean DMZ,6.1481,5.9313,5.9511,4.7883,5.8702,6.0878,5.4453,5.9259,6.5923,5.9522,5.955,27.5226,10.4417,8.3208,5.9354,6.1984,5.9256,6.5843,3.837,4.1787,3.6619,3.8147,3.6383,4.2281,3.721,3.7644,5.0175,5.0261,3.623,3.6408,6.12426
A Rendezvous With Death,4.0055,3.4106,4.5362,3.3598,3.3155,3.2989,3.3139,3.5428,3.3465,3.3165,3.3314,3.3489,3.4211,3.3518,3.4,3.3432,3.3478,3.362,3.3416,3.4253,3.3838,3.3565,3.3649,3.3588,3.3994,3.3644,3.3664,3.3618,3.4531,3.345,3.429113
The egg-shaped thing,3.4899,3.4575,4.1833,3.4733,3.464,3.4347,3.8819,3.4273,3.4485,3.4597,3.9254,4.0088,3.4774,3.4557,3.438,3.549,3.4495,3.459,3.4615,4.2789,3.9184,3.5647,3.4372,4.6366,3.4722,3.7789,3.4857,3.5899,3.7098,3.5468,3.64545
The Brown Parrots of Providencia,3.5895,3.6703,3.627,3.6177,3.6072,3.5302,3.5758,3.5342,4.1553,3.8194,4.5209,6.1616,8.0497,6.0764,4.1529,3.7971,4.4366,3.5715,3.7795,4.0512,4.1721,4.1618,3.518,3.5112,3.4742,4.253,3.5208,3.5455,3.5005,4.7992,4.12601
The Four Seasons Spa Cuisine,3.5852,3.5316,3.7418,3.537,3.6336,3.5542,3.5335,3.5997,3.5296,5.5049,4.1871,3.7296,3.5851,4.154,3.5949,3.6444,3.6884,3.5466,3.6242,3.5202,3.6333,3.5508,3.605,3.5439,3.5789,3.5371,3.5508,4.0012,3.5536,3.7172,3.709913
Infinite Vistas: New Tools for Astronomy,3.4244,3.4135,4.4919,3.9177,3.8413,3.4221,3.4589,3.8809,3.9019,3.4241,3.41,3.5755,3.6058,3.4322,3.4547,3.5037,3.525,3.5094,3.4398,3.4128,3.5125,3.4498,3.4625,3.4257,3.4496,3.4173,3.4486,3.5092,3.4408,3.413,3.552487
Harley Davidson Rolling Sculpture,3.5655,3.5509,3.5057,3.5139,4.1397,3.5589,4.4492,3.5148,3.7584,3.7803,3.5149,3.5337,3.5185,3.9191,3.5637,3.5473,3.5209,3.5485,3.5812,3.5189,3.5796,3.4691,3.5113,3.5065,3.7167,3.6116,3.5347,3.505,3.5135,3.8315,3.62945
Life Lines: Holding on (and Letting Go),3.533,3.5203,3.6295,3.5459,3.5055,3.5258,3.7532,3.5103,3.4987,3.4882,3.503,3.6405,3.5203,3.4921,3.5147,3.7599,4.1015,4.2981,3.472,3.955,3.4949,3.4836,3.4937,4.097,3.545,3.5361,3.5372,3.531,3.5921,3.5482,3.620877
,,,,,,,,,,,,,,,,,,,,,,,,,,,,,,,3.866594567
